Workbook

Sheet Data
A1: 5.1 | B1: 3.5 | C1: 1.4 | D1: 0.2 | E1: Iris-setosa
A2: 4.9 | B2: 3 | C2: 1.4 | D2: 0.2 | E2: Iris-setosa
A3: 4.7 | B3: 3.2 | C3: 1.3 | D3: 0.2 | E3: Iris-setosa
A4: 4.6 | B4: 3.1 | C4: 1.5 | D4: 0.2 | E4: Iris-setosa
A5: 5 | B5: 3.6 | C5: 1.4 | D5: 0.2 | E5: Iris-setosa
A6: 5.4 | B6: 3.9 | C6: 1.7 | D6: 0.4 | E6: Iris-setosa
A7: 4.6 | B7: 3.4 | C7: 1.4 | D7: 0.3 | E7: Iris-setosa
A8: 5 | B8: 3.4 | C8: 1.5 | D8: 0.2 | E8: Iris-setosa
A9: 4.4 | B9: 2.9 | C9: 1.4 | D9: 0.2 | E9: Iris-setosa
A10: 4.9 | B10: 3.1 | C10: 1.5 | D10: 0.1 | E10: Iris-setosa
A11: 5.4 | B11: 3.7 | C11: 1.5 | D11: 0.2 | E11: Iris-setosa
A12: 4.8 | B12: 3.4 | C12: 1.6 | D12: 0.2 | E12: Iris-setosa
... A100: 5.7 | B100: 2.8 | C100: 4.1 | D100: 1.3 | E100: Iris-versicolor

Sheet SLP-Training
G2: Setosa = 0 | I2: Learning Rate | K2: 0.1
G3: Versicolor = 1 | I3: Bobot bias | N3: dot product | O3: Sigmoid | P3: Prediksi | Q3: error | R3: Sum Square Error
A4: EPOCH | B4: No | C4: X1 | D4: X2 | E4: X3 | F4: X4 | G4: TARGET | H4: Apakah prediksi sama dengan label aslinya? | I4: bias | J4: teta1 | K4: teta2 | L4: teta 3 | M4: teta4 | N4: z | O4: g(z) | S4: Rata-rata Sum Square Error | T4: dbias | U4: dteta1 | V4: dteta2 | W4: dteta3 | X4: dteta4
A5: epoch1 | B5: 1 | C5: 5.1 | D5: 3.5 | E5: 1.4 | F5: 0.2 | G5: 0 | H5: =IF(G5=P5, 1, 0) -> 0 | I5: 0.5 | J5: 0.5 | K5: 0.5 | L5: 0.5 | M5: 0.5 | N5: =I5+J5*C5+K5*D5+L5*E5+F5*M5 -> 5.6 | O5: =1/(1+EXP(-N5)) -> 0.99631576 | P5: =IF(O5>0.5,1,0) -> 1 | Q5: =O5-G5 -> 0.99631576 | R5: =Q5^2 -> 0.99264509 | T5: =2*(O5-G5)*(1-O5)*O5 -> 0.0073142853 | U5: =2*(O5-G5)*(1-O5)*O5*C5 -> 0.037302855 | V5: =2*(O5-G5)*(1-O5)*O5*D5 -> 0.025599999 | W5: =2*(O5-G5)*(1-O5)*O5*E5 -> 0.010239999 | X5: =2*(O5-G5)*(1-O5)*O5*F5 -> 0.0014628571
B6: 2 | C6: 4.9 | D6: 3 | E6: 1.4 | F6: 0.2 | G6: 0 | H6: =IF(G6=P6, 1, 0) -> 0 | I6: =I5-0.1*T5 -> 0.49926857 | J6: =J5-0.1*U5 -> 0.49626971 | K6: =K5-0.1*V5 -> 0.49744 | L6: =L5-0.1*W5 -> 0.498976 | M6: =M5-0.1*X5 -> 0.49985371 | N6: =I6+J6*C6+K6*D6+L6*E6+F6*M6 -> 5.2218473 | O6: =1/(1+EXP(-N6)) -> 0.99463163 | P6: =IF(O6>0.5,1,0) -> 1 | Q6: =O6-G6 -> 0.99463163 | R6: =Q6^2 -> 0.98929207 | T6: =2*(O6-G6)*(1-O6)*O6 -> 0.01062178 | U6: =2*(O6-G6)*(1-O6)*O6*C6 -> 0.052046723 | V6: =2*(O6-G6)*(1-O6)*O6*D6 -> 0.031865341 | W6: =2*(O6-G6)*(1-O6)*O6*E6 -> 0.014870492 | X6: =2*(O6-G6)*(1-O6)*O6*F6 -> 0.0021243561
B7: 3 | C7: 4.7 | D7: 3.2 | E7: 1.3 | F7: 0.2 | G7: 0 | H7: =IF(G7=P7, 1, 0) -> 0 | I7: =I6-0.1*T6 -> 0.49820639 | J7: =J6-0.1*U6 -> 0.49106504 | K7: =K6-0.1*V6 -> 0.49425347 | L7: =L6-0.1*W6 -> 0.49748895 | M7: =M6-0.1*X6 -> 0.49964128 | N7: =I7+J7*C7+K7*D7+L7*E7+F7*M7 -> 5.1344871 | O7: =1/(1+EXP(-N7)) -> 0.99414442 | P7: =IF(O7>0.5,1,0) -> 1 | Q7: =O7-G7 -> 0.99414442 | R7: =Q7^2 -> 0.98832312 | T7: =2*(O7-G7)*(1-O7)*O7 -> 0.011574414 | U7: =2*(O7-G7)*(1-O7)*O7*C7 -> 0.054399748 | V7: =2*(O7-G7)*(1-O7)*O7*D7 -> 0.037038126 | W7: =2*(O7-G7)*(1-O7)*O7*E7 -> 0.015046739 | X7: =2*(O7-G7)*(1-O7)*O7*F7 -> 0.0023148829
B8: 4 | C8: 4.6 | D8: 3.1 | E8: 1.5 | F8: 0.2 | G8: 0 | H8: =IF(G8=P8, 1, 0) -> 0 | I8: =I7-0.1*T7 -> 0.49704895 | J8: =J7-0.1*U7 -> 0.48562507 | K8: =K7-0.1*V7 -> 0.49054965 | L8: =L7-0.1*W7 -> 0.49598428 | M8: =M7-0.1*X7 -> 0.49940979 | N8: =I8+J8*C8+K8*D8+L8*E8+F8*M8 -> 5.0954866 | O8: =1/(1+EXP(-N8)) -> 0.99391295 | P8: =IF(O8>0.5,1,0) -> 1 | Q8: =O8-G8 -> 0.99391295 | R8: =Q8^2 -> 0.98786296 | T8: =2*(O8-G8)*(1-O8)*O8 -> 0.012026336 | U8: =2*(O8-G8)*(1-O8)*O8*C8 -> 0.055321148 | V8: =2*(O8-G8)*(1-O8)*O8*D8 -> 0.037281643 | W8: =2*(O8-G8)*(1-O8)*O8*E8 -> 0.018039505 | X8: =2*(O8-G8)*(1-O8)*O8*F8 -> 0.0024052673
B9: 5 | C9: 5 | D9: 3.6 | E9: 1.4 | F9: 0.2 | G9: 0 | H9: =IF(G9=P9, 1, 0) -> 0 | I9: =I8-0.1*T8 -> 0.49584632 | J9: =J8-0.1*U8 -> 0.48009295 | K9: =K8-0.1*V8 -> 0.48682149 | L9: =L8-0.1*W8 -> 0.49418033 | M9: =M8-0.1*X8 -> 0.49916926 | N9: =I9+J9*C9+K9*D9+L9*E9+F9*M9 -> 5.4405548 | O9: =1/(1+EXP(-N9)) -> 0.99568165 | P9: =IF(O9>0.5,1,0) -> 1 | Q9: =O9-G9 -> 0.99568165 | R9: =Q9^2 -> 0.99138195 | T9: =2*(O9-G9)*(1-O9)*O9 -> 0.0085622637 | U9: =2*(O9-G9)*(1-O9)*O9*C9 -> 0.042811319 | V9: =2*(O9-G9)*(1-O9)*O9*D9 -> 0.030824149 | W9: =2*(O9-G9)*(1-O9)*O9*E9 -> 0.011987169 | X9: =2*(O9-G9)*(1-O9)*O9*F9 -> 0.0017124527
B10: 6 | C10: 5.4 | D10: 3.9 | E10: 1.7 | F10: 0.4 | G10: 0 | H10: =IF(G10=P10, 1, 0) -> 0 | I10: =I9-0.1*T9 -> 0.49499009 | J10: =J9-0.1*U9 -> 0.47581182 | K10: =K9-0.1*V9 -> 0.48373907 | L10: =L9-0.1*W9 -> 0.49298161 | M10: =M9-0.1*X9 -> 0.49899802 | N10: =I10+J10*C10+K10*D10+L10*E10+F10*M10 -> 5.9886243 | O10: =1/(1+EXP(-N10)) -> 0.99749916 | P10: =IF(O10>0.5,1,0) -> 1 | Q10: =O10-G10 -> 0.99749916 | R10: =Q10^2 -> 0.99500457 | T10: =2*(O10-G10)*(1-O10)*O10 -> 0.0049766963 | U10: =2*(O10-G10)*(1-O10)*O10*C10 -> 0.02687416 | V10: =2*(O10-G10)*(1-O10)*O10*D10 -> 0.019409116 | W10: =2*(O10-G10)*(1-O10)*O10*E10 -> 0.0084603838 | X10: =2*(O10-G10)*(1-O10)*O10*F10 -> 0.0019906785
B11: 7 | C11: 4.6 | D11: 3.4 | E11: 1.4 | F11: 0.3 | G11: 0 | H11: =IF(G11=P11, 1, 0) -> 0 | I11: =I10-0.1*T10 -> 0.49449242 | J11: =J10-0.1*U10 -> 0.4731244 | K11: =K10-0.1*V10 -> 0.48179816 | L11: =L10-0.1*W10 -> 0.49213557 | M11: =M10-0.1*X10 -> 0.49879895 | N11: =I11+J11*C11+K11*D11+L11*E11+F11*M11 -> 5.1476079 | O11: =1/(1+EXP(-N11)) -> 0.99422031 | P11: =IF(O11>0.5,1,0) -> 1 | Q11: =O11-G11 -> 0.99422031 | R11: =Q11^2 -> 0.98847402 | T11: =2*(O11-G11)*(1-O11)*O11 -> 0.011426156 | U11: =2*(O11-G11)*(1-O11)*O11*C11 -> 0.05256032 | V11: =2*(O11-G11)*(1-O11)*O11*D11 -> 0.038848932 | W11: =2*(O11-G11)*(1-O11)*O11*E11 -> 0.015996619 | X11: =2*(O11-G11)*(1-O11)*O11*F11 -> 0.0034278469
B12: 8 | C12: 5 | D12: 3.4 | E12: 1.5 | F12: 0.2 | G12: 0 | H12: =IF(G12=P12, 1, 0) -> 0 | I12: =I11-0.1*T11 -> 0.49334981 | J12: =J11-0.1*U11 -> 0.46786837 | K12: =K11-0.1*V11 -> 0.47791327 | L12: =L11-0.1*W11 -> 0.49053591 | M12: =M11-0.1*X11 -> 0.49845617 | N12: =I12+J12*C12+K12*D12+L12*E12+F12*M12 -> 5.2930919 | O12: =1/(1+EXP(-N12)) -> 0.99499894 | P12: =IF(O12>0.5,1,0) -> 1 | Q12: =O12-G12 -> 0.99499894 | R12: =Q12^2 -> 0.99002289 | T12: =2*(O12-G12)*(1-O12)*O12 -> 0.0099023268 | U12: =2*(O12-G12)*(1-O12)*O12*C12 -> 0.049511634 | V12: =2*(O12-G12)*(1-O12)*O12*D12 -> 0.033667911 | W12: =2*(O12-G12)*(1-O12)*O12*E12 -> 0.01485349 | X12: =2*(O12-G12)*(1-O12)*O12*F12 -> 0.0019804654
B13: 9 | C13: 4.4 | D13: 2.9 | E13: 1.4 | F13: 0.2 | G13: 0 | H13: =IF(G13=P13, 1, 0) -> 0 | I13: =I12-0.1*T12 -> 0.49235957 | J13: =J12-0.1*U12 -> 0.46291721 | K13: =K12-0.1*V12 -> 0.47454648 | L13: =L12-0.1*W12 -> 0.48905056 | M13: =M12-0.1*X12 -> 0.49825812 | N13: =I13+J13*C13+K13*D13+L13*E13+F13*M13 -> 4.6897025 | O13: =1/(1+EXP(-N13)) -> 0.99089426 | P13: =IF(O13>0.5,1,0) -> 1 | Q13: =O13-G13 -> 0.99089426 | R13: =Q13^2 -> 0.98187143 | T13: =2*(O13-G13)*(1-O13)*O13 -> 0.017881338 | U13: =2*(O13-G13)*(1-O13)*O13*C13 -> 0.078677888 | V13: =2*(O13-G13)*(1-O13)*O13*D13 -> 0.051855881 | W13: =2*(O13-G13)*(1-O13)*O13*E13 -> 0.025033873 | X13: =2*(O13-G13)*(1-O13)*O13*F13 -> 0.0035762676
B14: 10 | C14: 4.9 | D14: 3.1 | E14: 1.5 | F14: 0.1 | G14: 0 | H14: =IF(G14=P14, 1, 0) -> 0 | I14: =I13-0.1*T13 -> 0.49057144 | J14: =J13-0.1*U13 -> 0.45504942 | K14: =K13-0.1*V13 -> 0.46936089 | L14: =L13-0.1*W13 -> 0.48654717 | M14: =M13-0.1*X13 -> 0.49790049 | N14: =I14+J14*C14+K14*D14+L14*E14+F14*M14 -> 4.9549432 | O14: =1/(1+EXP(-N14)) -> 0.99300085 | P14: =IF(O14>0.5,1,0) -> 1 | Q14: =O14-G14 -> 0.99300085 | R14: =Q14^2 -> 0.98605069 | T14: =2*(O14-G14)*(1-O14)*O14 -> 0.013803028 | U14: =2*(O14-G14)*(1-O14)*O14*C14 -> 0.067634839 | V14: =2*(O14-G14)*(1-O14)*O14*D14 -> 0.042789388 | W14: =2*(O14-G14)*(1-O14)*O14*E14 -> 0.020704543 | X14: =2*(O14-G14)*(1-O14)*O14*F14 -> 0.0013803028
B15: 11 | C15: 5.4 | D15: 3.7 | E15: 1.5 | F15: 0.2 | G15: 0 | H15: =IF(G15=P15, 1, 0) -> 0 | I15: =I14-0.1*T14 -> 0.48919114 | J15: =J14-0.1*U14 -> 0.44828594 | K15: =K14-0.1*V14 -> 0.46508195 | L15: =L14-0.1*W14 -> 0.48447672 | M15: =M14-0.1*X14 -> 0.49776246 | N15: =I15+J15*C15+K15*D15+L15*E15+F15*M15 -> 5.457006 | O15: =1/(1+EXP(-N15)) -> 0.99575181 | P15: =IF(O15>0.5,1,0) -> 1 | Q15: =O15-G15 -> 0.99575181 | R15: =Q15^2 -> 0.99152168 | T15: =2*(O15-G15)*(1-O15)*O15 -> 0.0084243369 | U15: =2*(O15-G15)*(1-O15)*O15*C15 -> 0.045491419 | V15: =2*(O15-G15)*(1-O15)*O15*D15 -> 0.031170047 | W15: =2*(O15-G15)*(1-O15)*O15*E15 -> 0.012636505 | X15: =2*(O15-G15)*(1-O15)*O15*F15 -> 0.0016848674
B16: 12 | C16: 4.8 | D16: 3.4 | E16: 1.6 | F16: 0.2 | G16: 0 | H16: =IF(G16=P16, 1, 0) -> 0 | I16: =I15-0.1*T15 -> 0.4883487 | J16: =J15-0.1*U15 -> 0.44373679 | K16: =K15-0.1*V15 -> 0.46196495 | L16: =L15-0.1*W15 -> 0.48321307 | M16: =M15-0.1*X15 -> 0.49759398 | N16: =I16+J16*C16+K16*D16+L16*E16+F16*M16 -> 5.0616258 | O16: =1/(1+EXP(-N16)) -> 0.99370463 | P16: =IF(O16>0.5,1,0) -> 1 | Q16: =O16-G16 -> 0.99370463 | R16: =Q16^2 -> 0.9874489 | T16: =2*(O16-G16)*(1-O16)*O16 -> 0.012432709 | U16: =2*(O16-G16)*(1-O16)*O16*C16 -> 0.059677003 | V16: =2*(O16-G16)*(1-O16)*O16*D16 -> 0.04227121 | W16: =2*(O16-G16)*(1-O16)*O16*E16 -> 0.019892334 | X16: =2*(O16-G16)*(1-O16)*O16*F16 -> 0.0024865418
B17: 13 | C17: 4.8 | D17: 3 | E17: 1.4 | F17: 0.1 | G17: 0 | H17: =IF(G17=P17, 1, 0) -> 0 | I17: =I16-0.1*T16 -> 0.48710543 | J17: =J16-0.1*U16 -> 0.43776909 | K17: =K16-0.1*V16 -> 0.45773783 | L17: =L16-0.1*W16 -> 0.48122383 | M17: =M16-0.1*X16 -> 0.49734532 | N17: =I17+J17*C17+K17*D17+L17*E17+F17*M17 -> 4.6850585 | O17: =1/(1+EXP(-N17)) -> 0.99085226 | P17: =IF(O17>0.5,1,0) -> 1 | Q17: =O17-G17 -> 0.99085226 | R17: =Q17^2 -> 0.9817882 | T17: =2*(O17-G17)*(1-O17)*O17 -> 0.017962289 | U17: =2*(O17-G17)*(1-O17)*O17*C17 -> 0.086218985 | V17: =2*(O17-G17)*(1-O17)*O17*D17 -> 0.053886866 | W17: =2*(O17-G17)*(1-O17)*O17*E17 -> 0.025147204 | X17: =2*(O17-G17)*(1-O17)*O17*F17 -> 0.0017962289
... B83: 79 | C83: 5.6 | D83: 3 | E83: 4.1 | F83: 1.3 | G83: 1 | H83: =IF(G83=P83, 1, 0) -> 1 | I83: =I82-0.1*T82 -> 0.37983676 | J83: =J82-0.1*U82 -> -0.021902874 | K83: =K82-0.1*V82 -> 0.070081781 | L83: =L82-0.1*W82 -> 0.52242862 | M83: =M82-0.1*X82 -> 0.550491 | N83: =I83+J83*C83+K83*D83+L83*E83+F83*M83 -> 3.3250216 | O83: =1/(1+EXP(-N83)) -> 0.9652773 | P83: =IF(O83>0.5,1,0) -> 1 | Q83: =O83-G83 -> -0.034722704 | R83: =Q83^2 -> 0.0012056662 | T83: =2*(O83-G83)*(1-O83)*O83 -> -0.0023276044 | U83: =2*(O83-G83)*(1-O83)*O83*C83 -> -0.013034585 | V83: =2*(O83-G83)*(1-O83)*O83*D83 -> -0.0069828131 | W83: =2*(O83-G83)*(1-O83)*O83*E83 -> -0.0095431779 | X83: =2*(O83-G83)*(1-O83)*O83*F83 -> -0.0030258857
B84: 80 | C84: 5.5 | D84: 2.5 | E84: 4 | F84: 1.3 | G84: 1 | H84: =IF(G84=P84, 1, 0) -> 1 | I84: =I83-0.1*T83 -> 0.38006952 | J84: =J83-0.1*U83 -> -0.020599416 | K84: =K83-0.1*V83 -> 0.070780062 | L84: =L83-0.1*W83 -> 0.52338294 | M84: =M83-0.1*X83 -> 0.55079359 | N84: =I84+J84*C84+K84*D84+L84*E84+F84*M84 -> 3.2532863 | O84: =1/(1+EXP(-N84)) -> 0.96279102 | P84: =IF(O84>0.5,1,0) -> 1 | Q84: =O84-G84 -> -0.037208978 | R84: =Q84^2 -> 0.0013845081 | S84: =AVERAGE(R5:R84) -> 0.44988866 | T84: =2*(O84-G84)*(1-O84)*O84 -> -0.0026659838 | U84: =2*(O84-G84)*(1-O84)*O84*C84 -> -0.014662911 | V84: =2*(O84-G84)*(1-O84)*O84*D84 -> -0.0066649596 | W84: =2*(O84-G84)*(1-O84)*O84*E84 -> -0.010663935 | X84: =2*(O84-G84)*(1-O84)*O84*F84 -> -0.003465779
A85: epoch2 | B85: 1 | C85: 5.1 | D85: 3.5 | E85: 1.4 | F85: 0.2 | G85: 0 | H85: =IF(G85=P85, 1, 0) -> 0 | I85: =I84-0.1*T84 -> 0.38033612 | J85: =J84-0.1*U84 -> -0.019133125 | K85: =K84-0.1*V84 -> 0.071446558 | L85: =L84-0.1*W84 -> 0.52444933 | M85: =M84-0.1*X84 -> 0.55114017 | N85: =I85+J85*C85+K85*D85+L85*E85+F85*M85 -> 1.3772772 | O85: =1/(1+EXP(-N85)) -> 0.79855336 | P85: =IF(O85>0.5,1,0) -> 1 | Q85: =O85-G85 -> 0.79855336 | R85: =Q85^2 -> 0.63768746 | T85: =2*(O85-G85)*(1-O85)*O85 -> 0.25692 | U85: =2*(O85-G85)*(1-O85)*O85*C85 -> 1.310292 | V85: =2*(O85-G85)*(1-O85)*O85*D85 -> 0.89921999 | W85: =2*(O85-G85)*(1-O85)*O85*E85 -> 0.359688 | X85: =2*(O85-G85)*(1-O85)*O85*F85 -> 0.051384
B86: 2 | C86: 4.9 | D86: 3 | E86: 1.4 | F86: 0.2 | G86: 0 | H86: =IF(G86=P86, 1, 0) -> 0 | I86: =I85-0.1*T85 -> 0.35464412 | J86: =J85-0.1*U85 -> -0.15016232 | K86: =K85-0.1*V85 -> -0.018475441 | L86: =L85-0.1*W85 -> 0.48848053 | M86: =M85-0.1*X85 -> 0.54600177 | N86: =I86+J86*C86+K86*D86+L86*E86+F86*M86 -> 0.3564955 | O86: =1/(1+EXP(-N86)) -> 0.58819183 | P86: =IF(O86>0.5,1,0) -> 1 | Q86: =O86-G86 -> 0.58819183 | R86: =Q86^2 -> 0.34596963 | T86: =2*(O86-G86)*(1-O86)*O86 -> 0.28494624 | U86: =2*(O86-G86)*(1-O86)*O86*C86 -> 1.3962366 | V86: =2*(O86-G86)*(1-O86)*O86*D86 -> 0.85483872 | W86: =2*(O86-G86)*(1-O86)*O86*E86 -> 0.39892474 | X86: =2*(O86-G86)*(1-O86)*O86*F86 -> 0.056989248
B87: 3 | C87: 4.7 | D87: 3.2 | E87: 1.3 | F87: 0.2 | G87: 0 | H87: =IF(G87=P87, 1, 0) -> 1 | I87: =I86-0.1*T86 -> 0.3261495 | J87: =J86-0.1*U86 -> -0.28978598 | K87: =K86-0.1*V86 -> -0.10395931 | L87: =L86-0.1*W86 -> 0.44858806 | M87: =M86-0.1*X86 -> 0.54030284 | N87: =I87+J87*C87+K87*D87+L87*E87+F87*M87 -> -0.67728938 | O87: =1/(1+EXP(-N87)) -> 0.33686655 | P87: =IF(O87>0.5,1,0) -> 0 | Q87: =O87-G87 -> 0.33686655 | R87: =Q87^2 -> 0.11347908 | T87: =2*(O87-G87)*(1-O87)*O87 -> 0.15050354 | U87: =2*(O87-G87)*(1-O87)*O87*C87 -> 0.70736664 | V87: =2*(O87-G87)*(1-O87)*O87*D87 -> 0.48161133 | W87: =2*(O87-G87)*(1-O87)*O87*E87 -> 0.1956546 | X87: =2*(O87-G87)*(1-O87)*O87*F87 -> 0.030100708
B88: 4 | C88: 4.6 | D88: 3.1 | E88: 1.5 | F88: 0.2 | G88: 0 | H88: =IF(G88=P88, 1, 0) -> 1 | I88: =I87-0.1*T87 -> 0.31109914 | J88: =J87-0.1*U87 -> -0.36052265 | K88: =K87-0.1*V87 -> -0.15212045 | L88: =L87-0.1*W87 -> 0.4290226 | M88: =M87-0.1*X87 -> 0.53729277 | N88: =I88+J88*C88+K88*D88+L88*E88+F88*M88 -> -1.067886 | O88: =1/(1+EXP(-N88)) -> 0.25580532 | P88: =IF(O88>0.5,1,0) -> 0 | Q88: =O88-G88 -> 0.25580532 | R88: =Q88^2 -> 0.065436364 | T88: =2*(O88-G88)*(1-O88)*O88 -> 0.097394787 | U88: =2*(O88-G88)*(1-O88)*O88*C88 -> 0.44801602 | V88: =2*(O88-G88)*(1-O88)*O88*D88 -> 0.30192384 | W88: =2*(O88-G88)*(1-O88)*O88*E88 -> 0.14609218 | X88: =2*(O88-G88)*(1-O88)*O88*F88 -> 0.019478957
B89: 5 | C89: 5 | D89: 3.6 | E89: 1.4 | F89: 0.2 | G89: 0 | H89: =IF(G89=P89, 1, 0) -> 1 | I89: =I88-0.1*T88 -> 0.30135966 | J89: =J88-0.1*U88 -> -0.40532425 | K89: =K88-0.1*V88 -> -0.18231283 | L89: =L88-0.1*W88 -> 0.41441338 | M89: =M88-0.1*X88 -> 0.53534488 | N89: =I89+J89*C89+K89*D89+L89*E89+F89*M89 -> -1.6943401 | O89: =1/(1+EXP(-N89)) -> 0.15520593 | P89: =IF(O89>0.5,1,0) -> 0 | Q89: =O89-G89 -> 0.15520593 | R89: =Q89^2 -> 0.024088882 | T89: =2*(O89-G89)*(1-O89)*O89 -> 0.040700288 | U89: =2*(O89-G89)*(1-O89)*O89*C89 -> 0.20350144 | V89: =2*(O89-G89)*(1-O89)*O89*D89 -> 0.14652104 | W89: =2*(O89-G89)*(1-O89)*O89*E89 -> 0.056980404 | X89: =2*(O89-G89)*(1-O89)*O89*F89 -> 0.0081400577
B90: 6 | C90: 5.4 | D90: 3.9 | E90: 1.7 | F90: 0.4 | G90: 0 | H90: =IF(G90=P90, 1, 0) -> 1 | I90: =I89-0.1*T89 -> 0.29728964 | J90: =J89-0.1*U89 -> -0.42567439 | K90: =K89-0.1*V89 -> -0.19696493 | L90: =L89-0.1*W89 -> 0.40871534 | M90: =M89-0.1*X89 -> 0.53453087 | N90: =I90+J90*C90+K90*D90+L90*E90+F90*M90 -> -1.8608869 | O90: =1/(1+EXP(-N90)) -> 0.13459971 | P90: =IF(O90>0.5,1,0) -> 0 | Q90: =O90-G90 -> 0.13459971 | R90: =Q90^2 -> 0.018117082 | T90: =2*(O90-G90)*(1-O90)*O90 -> 0.031357056 | U90: =2*(O90-G90)*(1-O90)*O90*C90 -> 0.1693281 | V90: =2*(O90-G90)*(1-O90)*O90*D90 -> 0.12229252 | W90: =2*(O90-G90)*(1-O90)*O90*E90 -> 0.053306995 | X90: =2*(O90-G90)*(1-O90)*O90*F90 -> 0.012542822
B91: 7 | C91: 4.6 | D91: 3.4 | E91: 1.4 | F91: 0.3 | G91: 0 | H91: =IF(G91=P91, 1, 0) -> 1 | I91: =I90-0.1*T90 -> 0.29415393 | J91: =J90-0.1*U90 -> -0.4426072 | K91: =K90-0.1*V90 -> -0.20919419 | L91: =L90-0.1*W90 -> 0.40338464 | M91: =M90-0.1*X90 -> 0.53327659 | N91: =I91+J91*C91+K91*D91+L91*E91+F91*M91 -> -1.728378 | O91: =1/(1+EXP(-N91)) -> 0.15079517 | P91: =IF(O91>0.5,1,0) -> 0 | Q91: =O91-G91 -> 0.15079517 | R91: =Q91^2 -> 0.022739184 | T91: =2*(O91-G91)*(1-O91)*O91 -> 0.03862045 | U91: =2*(O91-G91)*(1-O91)*O91*C91 -> 0.17765407 | V91: =2*(O91-G91)*(1-O91)*O91*D91 -> 0.13130953 | W91: =2*(O91-G91)*(1-O91)*O91*E91 -> 0.054068631 | X91: =2*(O91-G91)*(1-O91)*O91*F91 -> 0.011586135
B92: 8 | C92: 5 | D92: 3.4 | E92: 1.5 | F92: 0.2 | G92: 0 | H92: =IF(G92=P92, 1, 0) -> 1 | I92: =I91-0.1*T91 -> 0.29029189 | J92: =J91-0.1*U91 -> -0.46037261 | K92: =K91-0.1*V91 -> -0.22232514 | L92: =L91-0.1*W91 -> 0.39797777 | M92: =M91-0.1*X91 -> 0.53211798 | N92: =I92+J92*C92+K92*D92+L92*E92+F92*M92 -> -2.0640864 | O92: =1/(1+EXP(-N92)) -> 0.11263675 | P92: =IF(O92>0.5,1,0) -> 0 | Q92: =O92-G92 -> 0.11263675 | R92: =Q92^2 -> 0.012687038 | T92: =2*(O92-G92)*(1-O92)*O92 -> 0.022516022 | U92: =2*(O92-G92)*(1-O92)*O92*C92 -> 0.11258011 | V92: =2*(O92-G92)*(1-O92)*O92*D92 -> 0.076554475 | W92: =2*(O92-G92)*(1-O92)*O92*E92 -> 0.033774033 | X92: =2*(O92-G92)*(1-O92)*O92*F92 -> 0.0045032044
B93: 9 | C93: 4.4 | D93: 2.9 | E93: 1.4 | F93: 0.2 | G93: 0 | H93: =IF(G93=P93, 1, 0) -> 1 | I93: =I92-0.1*T92 -> 0.28804028 | J93: =J92-0.1*U92 -> -0.47163062 | K93: =K92-0.1*V92 -> -0.22998059 | L93: =L92-0.1*W92 -> 0.39460037 | M93: =M92-0.1*X92 -> 0.53166766 | N93: =I93+J93*C93+K93*D93+L93*E93+F93*M93 -> -1.7953041 | O93: =1/(1+EXP(-N93)) -> 0.14242366 | P93: =IF(O93>0.5,1,0) -> 0 | Q93: =O93-G93 -> 0.14242366 | R93: =Q93^2 -> 0.020284498 | T93: =2*(O93-G93)*(1-O93)*O93 -> 0.034791011 | U93: =2*(O93-G93)*(1-O93)*O93*C93 -> 0.15308045 | V93: =2*(O93-G93)*(1-O93)*O93*D93 -> 0.10089393 | W93: =2*(O93-G93)*(1-O93)*O93*E93 -> 0.048707415 | X93: =2*(O93-G93)*(1-O93)*O93*F93 -> 0.0069582022
B94: 10 | C94: 4.9 | D94: 3.1 | E94: 1.5 | F94: 0.1 | G94: 0 | H94: =IF(G94=P94, 1, 0) -> 1 | I94: =I93-0.1*T93 -> 0.28456118 | J94: =J93-0.1*U93 -> -0.48693866 | K94: =K93-0.1*V93 -> -0.24006998 | L94: =L93-0.1*W93 -> 0.38972963 | M94: =M93-0.1*X93 -> 0.53097184 | N94: =I94+J94*C94+K94*D94+L94*E94+F94*M94 -> -2.2079636 | O94: =1/(1+EXP(-N94)) -> 0.099037633 | P94: =IF(O94>0.5,1,0) -> 0 | Q94: =O94-G94 -> 0.099037633 | R94: =Q94^2 -> 0.0098084527 | T94: =2*(O94-G94)*(1-O94)*O94 -> 0.017674093 | U94: =2*(O94-G94)*(1-O94)*O94*C94 -> 0.086603058 | V94: =2*(O94-G94)*(1-O94)*O94*D94 -> 0.05478969 | W94: =2*(O94-G94)*(1-O94)*O94*E94 -> 0.02651114 | X94: =2*(O94-G94)*(1-O94)*O94*F94 -> 0.0017674093
B95: 11 | C95: 5.4 | D95: 3.7 | E95: 1.5 | F95: 0.2 | G95: 0 | H95: =IF(G95=P95, 1, 0) -> 1 | I95: =I94-0.1*T94 -> 0.28279377 | J95: =J94-0.1*U94 -> -0.49559897 | K95: =K94-0.1*V94 -> -0.24554895 | L95: =L94-0.1*W94 -> 0.38707852 | M95: =M94-0.1*X94 -> 0.53079509 | N95: =I95+J95*C95+K95*D95+L95*E95+F95*M95 -> -2.615195 | O95: =1/(1+EXP(-N95)) -> 0.068166876 | P95: =IF(O95>0.5,1,0) -> 0 | Q95: =O95-G95 -> 0.068166876 | R95: =Q95^2 -> 0.004646723 | T95: =2*(O95-G95)*(1-O95)*O95 -> 0.0086599408 | U95: =2*(O95-G95)*(1-O95)*O95*C95 -> 0.046763681 | V95: =2*(O95-G95)*(1-O95)*O95*D95 -> 0.032041781 | W95: =2*(O95-G95)*(1-O95)*O95*E95 -> 0.012989911 | X95: =2*(O95-G95)*(1-O95)*O95*F95 -> 0.0017319882
B96: 12 | C96: 4.8 | D96: 3.4 | E96: 1.6 | F96: 0.2 | G96: 0 | H96: =IF(G96=P96, 1, 0) -> 1 | I96: =I95-0.1*T95 -> 0.28192778 | J96: =J95-0.1*U95 -> -0.50027534 | K96: =K95-0.1*V95 -> -0.24875313 | L96: =L95-0.1*W95 -> 0.38577952 | M96: =M95-0.1*X95 -> 0.5306219 | N96: =I96+J96*C96+K96*D96+L96*E96+F96*M96 -> -2.2417829 | O96: =1/(1+EXP(-N96)) -> 0.096060619 | P96: =IF(O96>0.5,1,0) -> 0 | Q96: =O96-G96 -> 0.096060619 | R96: =Q96^2 -> 0.0092276426 | T96: =2*(O96-G96)*(1-O96)*O96 -> 0.016682459 | U96: =2*(O96-G96)*(1-O96)*O96*C96 -> 0.080075803 | V96: =2*(O96-G96)*(1-O96)*O96*D96 -> 0.056720361 | W96: =2*(O96-G96)*(1-O96)*O96*E96 -> 0.026691934 | X96: =2*(O96-G96)*(1-O96)*O96*F96 -> 0.0033364918
B97: 13 | C97: 4.8 | D97: 3 | E97: 1.4 | F97: 0.1 | G97: 0 | H97: =IF(G97=P97, 1, 0) -> 1 | I97: =I96-0.1*T96 -> 0.28025953 | J97: =J96-0.1*U96 -> -0.50828292 | K97: =K96-0.1*V96 -> -0.25442516 | L97: =L96-0.1*W96 -> 0.38311033 | M97: =M96-0.1*X96 -> 0.53028825 | N97: =I97+J97*C97+K97*D97+L97*E97+F97*M97 -> -2.3333907 | O97: =1/(1+EXP(-N97)) -> 0.088395056 | P97: =IF(O97>0.5,1,0) -> 0 | Q97: =O97-G97 -> 0.088395056 | R97: =Q97^2 -> 0.0078136859 | T97: =2*(O97-G97)*(1-O97)*O97 -> 0.014245989 | U97: =2*(O97-G97)*(1-O97)*O97*C97 -> 0.068380749 | V97: =2*(O97-G97)*(1-O97)*O97*D97 -> 0.042737968 | W97: =2*(O97-G97)*(1-O97)*O97*E97 -> 0.019944385 | X97: =2*(O97-G97)*(1-O97)*O97*F97 -> 0.0014245989
... B163: 79 | C163: 5.6 | D163: 3 | E163: 4.1 | F163: 1.3 | G163: 1 | H163: =IF(G163=P163, 1, 0) -> 1 | I163: =I162-0.1*T162 -> 0.34197096 | J163: =J162-0.1*U162 -> -0.09597752 | K163: =K162-0.1*V162 -> -0.077536362 | L163: =L162-0.1*W162 -> 0.70519073 | M163: =M162-0.1*X162 -> 0.63578663 | N163: =I163+J163*C163+K163*D163+L163*E163+F163*M163 -> 3.2896924 | O163: =1/(1+EXP(-N163)) -> 0.9640735 | P163: =IF(O163>0.5,1,0) -> 1 | Q163: =O163-G163 -> -0.035926499 | R163: =Q163^2 -> 0.0012907133 | T163: =2*(O163-G163)*(1-O163)*O163 -> -0.002488685 | U163: =2*(O163-G163)*(1-O163)*O163*C163 -> -0.013936636 | V163: =2*(O163-G163)*(1-O163)*O163*D163 -> -0.0074660551 | W163: =2*(O163-G163)*(1-O163)*O163*E163 -> -0.010203609 | X163: =2*(O163-G163)*(1-O163)*O163*F163 -> -0.0032352905
B164: 80 | C164: 5.5 | D164: 2.5 | E164: 4 | F164: 1.3 | G164: 1 | H164: =IF(G164=P164, 1, 0) -> 1 | I164: =I163-0.1*T163 -> 0.34221983 | J164: =J163-0.1*U163 -> -0.094583856 | K164: =K163-0.1*V163 -> -0.076789756 | L164: =L163-0.1*W163 -> 0.70621109 | M164: =M163-0.1*X163 -> 0.63611016 | N164: =I164+J164*C164+K164*D164+L164*E164+F164*M164 -> 3.2818218 | O164: =1/(1+EXP(-N164)) -> 0.9637999 | P164: =IF(O164>0.5,1,0) -> 1 | Q164: =O164-G164 -> -0.0362001 | R164: =Q164^2 -> 0.0013104473 | S164: =AVERAGE(R85:R164) -> 0.037451914 | T164: =2*(O164-G164)*(1-O164)*O164 -> -0.0025260179 | U164: =2*(O164-G164)*(1-O164)*O164*C164 -> -0.013893098 | V164: =2*(O164-G164)*(1-O164)*O164*D164 -> -0.0063150447 | W164: =2*(O164-G164)*(1-O164)*O164*E164 -> -0.010104072 | X164: =2*(O164-G164)*(1-O164)*O164*F164 -> -0.0032838233
A165: epoch 3 | B165: 1 | C165: 5.1 | D165: 3.5 | E165: 1.4 | F165: 0.2 | G165: 0 | H165: =IF(G165=P165, 1, 0) -> 0 | I165: =I164-0.1*T164 -> 0.34247243 | J165: =J164-0.1*U164 -> -0.093194546 | K165: =K164-0.1*V164 -> -0.076158252 | L165: =L164-0.1*W164 -> 0.7072215 | M165: =M164-0.1*X164 -> 0.63643854 | N165: =I165+J165*C165+K165*D165+L165*E165+F165*M165 -> 0.71802417 | O165: =1/(1+EXP(-N165)) -> 0.67217178 | P165: =IF(O165>0.5,1,0) -> 1 | Q165: =O165-G165 -> 0.67217178 | R165: =Q165^2 -> 0.4518149 | T165: =2*(O165-G165)*(1-O165)*O165 -> 0.29623535 | U165: =2*(O165-G165)*(1-O165)*O165*C165 -> 1.5108003 | V165: =2*(O165-G165)*(1-O165)*O165*D165 -> 1.0368237 | W165: =2*(O165-G165)*(1-O165)*O165*E165 -> 0.41472949 | X165: =2*(O165-G165)*(1-O165)*O165*F165 -> 0.05924707
B166: 2 | C166: 4.9 | D166: 3 | E166: 1.4 | F166: 0.2 | G166: 0 | H166: =IF(G166=P166, 1, 0) -> 1 | I166: =I165-0.1*T165 -> 0.3128489 | J166: =J165-0.1*U165 -> -0.24427457 | K166: =K165-0.1*V165 -> -0.17984062 | L166: =L165-0.1*W165 -> 0.66574855 | M166: =M165-0.1*X165 -> 0.63051384 | N166: =I166+J166*C166+K166*D166+L166*E166+F166*M166 -> -0.36546765 | O166: =1/(1+EXP(-N166)) -> 0.40963665 | P166: =IF(O166>0.5,1,0) -> 0 | Q166: =O166-G166 -> 0.40963665 | R166: =Q166^2 -> 0.16780218 | T166: =2*(O166-G166)*(1-O166)*O166 -> 0.19812852 | U166: =2*(O166-G166)*(1-O166)*O166*C166 -> 0.97082974 | V166: =2*(O166-G166)*(1-O166)*O166*D166 -> 0.59438556 | W166: =2*(O166-G166)*(1-O166)*O166*E166 -> 0.27737993 | X166: =2*(O166-G166)*(1-O166)*O166*F166 -> 0.039625704
B167: 3 | C167: 4.7 | D167: 3.2 | E167: 1.3 | F167: 0.2 | G167: 0 | H167: =IF(G167=P167, 1, 0) -> 1 | I167: =I166-0.1*T166 -> 0.29303605 | J167: =J166-0.1*U166 -> -0.34135755 | K167: =K166-0.1*V166 -> -0.23927918 | L167: =L166-0.1*W166 -> 0.63801056 | M167: =M166-0.1*X166 -> 0.62655127 | N167: =I167+J167*C167+K167*D167+L167*E167+F167*M167 -> -1.1223138 | O167: =1/(1+EXP(-N167)) -> 0.24558234 | P167: =IF(O167>0.5,1,0) -> 0 | Q167: =O167-G167 -> 0.24558234 | R167: =Q167^2 -> 0.060310687 | T167: =2*(O167-G167)*(1-O167)*O167 -> 0.090998895 | U167: =2*(O167-G167)*(1-O167)*O167*C167 -> 0.42769481 | V167: =2*(O167-G167)*(1-O167)*O167*D167 -> 0.29119646 | W167: =2*(O167-G167)*(1-O167)*O167*E167 -> 0.11829856 | X167: =2*(O167-G167)*(1-O167)*O167*F167 -> 0.018199779
B168: 4 | C168: 4.6 | D168: 3.1 | E168: 1.5 | F168: 0.2 | G168: 0 | H168: =IF(G168=P168, 1, 0) -> 1 | I168: =I167-0.1*T167 -> 0.28393616 | J168: =J167-0.1*U167 -> -0.38412703 | K168: =K167-0.1*V167 -> -0.26839883 | L168: =L167-0.1*W167 -> 0.6261807 | M168: =M167-0.1*X167 -> 0.62473129 | N168: =I168+J168*C168+K168*D168+L168*E168+F168*M168 -> -1.2508672 | O168: =1/(1+EXP(-N168)) -> 0.22255005 | P168: =IF(O168>0.5,1,0) -> 0 | Q168: =O168-G168 -> 0.22255005 | R168: =Q168^2 -> 0.049528526 | T168: =2*(O168-G168)*(1-O168)*O168 -> 0.0770119 | U168: =2*(O168-G168)*(1-O168)*O168*C168 -> 0.35425474 | V168: =2*(O168-G168)*(1-O168)*O168*D168 -> 0.23873689 | W168: =2*(O168-G168)*(1-O168)*O168*E168 -> 0.11551785 | X168: =2*(O168-G168)*(1-O168)*O168*F168 -> 0.01540238
B169: 5 | C169: 5 | D169: 3.6 | E169: 1.4 | F169: 0.2 | G169: 0 | H169: =IF(G169=P169, 1, 0) -> 1 | I169: =I168-0.1*T168 -> 0.27623497 | J169: =J168-0.1*U168 -> -0.4195525 | K169: =K168-0.1*V168 -> -0.29227252 | L169: =L168-0.1*W168 -> 0.61462892 | M169: =M168-0.1*X168 -> 0.62319105 | N169: =I169+J169*C169+K169*D169+L169*E169+F169*M169 -> -1.8885899 | O169: =1/(1+EXP(-N169)) -> 0.13140533 | P169: =IF(O169>0.5,1,0) -> 0 | Q169: =O169-G169 -> 0.13140533 | R169: =Q169^2 -> 0.017267361 | T169: =2*(O169-G169)*(1-O169)*O169 -> 0.029996675 | U169: =2*(O169-G169)*(1-O169)*O169*C169 -> 0.14998338 | V169: =2*(O169-G169)*(1-O169)*O169*D169 -> 0.10798803 | W169: =2*(O169-G169)*(1-O169)*O169*E169 -> 0.041995345 | X169: =2*(O169-G169)*(1-O169)*O169*F169 -> 0.005999335
B170: 6 | C170: 5.4 | D170: 3.9 | E170: 1.7 | F170: 0.4 | G170: 0 | H170: =IF(G170=P170, 1, 0) -> 1 | I170: =I169-0.1*T169 -> 0.2732353 | J170: =J169-0.1*U169 -> -0.43455084 | K170: =K169-0.1*V169 -> -0.30307132 | L170: =L169-0.1*W169 -> 0.61042938 | M170: =M169-0.1*X169 -> 0.62259112 | N170: =I170+J170*C170+K170*D170+L170*E170+F170*M170 -> -1.968551 | O170: =1/(1+EXP(-N170)) -> 0.12254461 | P170: =IF(O170>0.5,1,0) -> 0 | Q170: =O170-G170 -> 0.12254461 | R170: =Q170^2 -> 0.015017181 | T170: =2*(O170-G170)*(1-O170)*O170 -> 0.026353814 | U170: =2*(O170-G170)*(1-O170)*O170*C170 -> 0.14231059 | V170: =2*(O170-G170)*(1-O170)*O170*D170 -> 0.10277987 | W170: =2*(O170-G170)*(1-O170)*O170*E170 -> 0.044801483 | X170: =2*(O170-G170)*(1-O170)*O170*F170 -> 0.010541525
B171: 7 | C171: 4.6 | D171: 3.4 | E171: 1.4 | F171: 0.3 | G171: 0 | H171: =IF(G171=P171, 1, 0) -> 1 | I171: =I170-0.1*T170 -> 0.27059992 | J171: =J170-0.1*U170 -> -0.4487819 | K171: =K170-0.1*V170 -> -0.31334931 | L171: =L170-0.1*W170 -> 0.60594923 | M171: =M170-0.1*X170 -> 0.62153696 | N171: =I171+J171*C171+K171*D171+L171*E171+F171*M171 -> -1.8243944 | O171: =1/(1+EXP(-N171)) -> 0.13890741 | P171: =IF(O171>0.5,1,0) -> 0 | Q171: =O171-G171 -> 0.13890741 | R171: =Q171^2 -> 0.019295268 | T171: =2*(O171-G171)*(1-O171)*O171 -> 0.033230025 | U171: =2*(O171-G171)*(1-O171)*O171*C171 -> 0.15285812 | V171: =2*(O171-G171)*(1-O171)*O171*D171 -> 0.11298209 | W171: =2*(O171-G171)*(1-O171)*O171*E171 -> 0.046522035 | X171: =2*(O171-G171)*(1-O171)*O171*F171 -> 0.0099690075
B172: 8 | C172: 5 | D172: 3.4 | E172: 1.5 | F172: 0.2 | G172: 0 | H172: =IF(G172=P172, 1, 0) -> 1 | I172: =I171-0.1*T171 -> 0.26727692 | J172: =J171-0.1*U171 -> -0.46406771 | K172: =K171-0.1*V171 -> -0.32464751 | L172: =L171-0.1*W171 -> 0.60129703 | M172: =M171-0.1*X171 -> 0.62054006 | N172: =I172+J172*C172+K172*D172+L172*E172+F172*M172 -> -2.1308096 | O172: =1/(1+EXP(-N172)) -> 0.10613815 | P172: =IF(O172>0.5,1,0) -> 0 | Q172: =O172-G172 -> 0.10613815 | R172: =Q172^2 -> 0.011265308 | T172: =2*(O172-G172)*(1-O172)*O172 -> 0.020139258 | U172: =2*(O172-G172)*(1-O172)*O172*C172 -> 0.10069629 | V172: =2*(O172-G172)*(1-O172)*O172*D172 -> 0.068473476 | W172: =2*(O172-G172)*(1-O172)*O172*E172 -> 0.030208887 | X172: =2*(O172-G172)*(1-O172)*O172*F172 -> 0.0040278516
B173: 9 | C173: 4.4 | D173: 2.9 | E173: 1.4 | F173: 0.2 | G173: 0 | H173: =IF(G173=P173, 1, 0) -> 1 | I173: =I172-0.1*T172 -> 0.26526299 | J173: =J172-0.1*U172 -> -0.47413734 | K173: =K172-0.1*V172 -> -0.33149486 | L173: =L172-0.1*W172 -> 0.59827614 | M173: =M172-0.1*X172 -> 0.62013728 | N173: =I173+J173*C173+K173*D173+L173*E173+F173*M173 -> -1.8206624 | O173: =1/(1+EXP(-N173)) -> 0.13935441 | P173: =IF(O173>0.5,1,0) -> 0 | Q173: =O173-G173 -> 0.13935441 | R173: =Q173^2 -> 0.019419653 | T173: =2*(O173-G173)*(1-O173)*O173 -> 0.033426877 | U173: =2*(O173-G173)*(1-O173)*O173*C173 -> 0.14707826 | V173: =2*(O173-G173)*(1-O173)*O173*D173 -> 0.096937943 | W173: =2*(O173-G173)*(1-O173)*O173*E173 -> 0.046797628 | X173: =2*(O173-G173)*(1-O173)*O173*F173 -> 0.0066853754
B174: 10 | C174: 4.9 | D174: 3.1 | E174: 1.5 | F174: 0.1 | G174: 0 | H174: =IF(G174=P174, 1, 0) -> 1 | I174: =I173-0.1*T173 -> 0.2619203 | J174: =J173-0.1*U173 -> -0.48884517 | K174: =K173-0.1*V173 -> -0.34118866 | L174: =L173-0.1*W173 -> 0.59359638 | M174: =M173-0.1*X173 -> 0.61946874 | N174: =I174+J174*C174+K174*D174+L174*E174+F174*M174 -> -2.2387644 | O174: =1/(1+EXP(-N174)) -> 0.09632304 | P174: =IF(O174>0.5,1,0) -> 0 | Q174: =O174-G174 -> 0.09632304 | R174: =Q174^2 -> 0.009278128 | T174: =2*(O174-G174)*(1-O174)*O174 -> 0.016768861 | U174: =2*(O174-G174)*(1-O174)*O174*C174 -> 0.082167419 | V174: =2*(O174-G174)*(1-O174)*O174*D174 -> 0.051983469 | W174: =2*(O174-G174)*(1-O174)*O174*E174 -> 0.025153292 | X174: =2*(O174-G174)*(1-O174)*O174*F174 -> 0.0016768861
B175: 11 | C175: 5.4 | D175: 3.7 | E175: 1.5 | F175: 0.2 | G175: 0 | H175: =IF(G175=P175, 1, 0) -> 1 | I175: =I174-0.1*T174 -> 0.26024342 | J175: =J174-0.1*U174 -> -0.49706191 | K175: =K174-0.1*V174 -> -0.346387 | L175: =L174-0.1*W174 -> 0.59108105 | M175: =M174-0.1*X174 -> 0.61930105 | N175: =I175+J175*C175+K175*D175+L175*E175+F175*M175 -> -2.695041 | O175: =1/(1+EXP(-N175)) -> 0.063266609 | P175: =IF(O175>0.5,1,0) -> 0 | Q175: =O175-G175 -> 0.063266609 | R175: =Q175^2 -> 0.0040026638 | T175: =2*(O175-G175)*(1-O175)*O175 -> 0.0074988577 | U175: =2*(O175-G175)*(1-O175)*O175*C175 -> 0.040493832 | V175: =2*(O175-G175)*(1-O175)*O175*D175 -> 0.027745774 | W175: =2*(O175-G175)*(1-O175)*O175*E175 -> 0.011248287 | X175: =2*(O175-G175)*(1-O175)*O175*F175 -> 0.0014997715
B176: 12 | C176: 4.8 | D176: 3.4 | E176: 1.6 | F176: 0.2 | G176: 0 | H176: =IF(G176=P176, 1, 0) -> 1 | I176: =I175-0.1*T175 -> 0.25949353 | J176: =J175-0.1*U175 -> -0.50111129 | K176: =K175-0.1*V175 -> -0.34916158 | L176: =L175-0.1*W175 -> 0.58995622 | M176: =M175-0.1*X175 -> 0.61915108 | N176: =I176+J176*C176+K176*D176+L176*E176+F176*M176 -> -2.2652299 | O176: =1/(1+EXP(-N176)) -> 0.094043838 | P176: =IF(O176>0.5,1,0) -> 0 | Q176: =O176-G176 -> 0.094043838 | R176: =Q176^2 -> 0.0088442436 | T176: =2*(O176-G176)*(1-O176)*O176 -> 0.016024994 | U176: =2*(O176-G176)*(1-O176)*O176*C176 -> 0.076919971 | V176: =2*(O176-G176)*(1-O176)*O176*D176 -> 0.054484979 | W176: =2*(O176-G176)*(1-O176)*O176*E176 -> 0.02563999 | X176: =2*(O176-G176)*(1-O176)*O176*F176 -> 0.0032049988
B177: 13 | C177: 4.8 | D177: 3 | E177: 1.4 | F177: 0.1 | G177: 0 | H177: =IF(G177=P177, 1, 0) -> 1 | I177: =I176-0.1*T176 -> 0.25789103 | J177: =J176-0.1*U176 -> -0.50880329 | K177: =K176-0.1*V176 -> -0.35461008 | L177: =L176-0.1*W176 -> 0.58739222 | M177: =M176-0.1*X176 -> 0.61883058 | N177: =I177+J177*C177+K177*D177+L177*E177+F177*M177 -> -2.3639628 | O177: =1/(1+EXP(-N177)) -> 0.085962313 | P177: =IF(O177>0.5,1,0) -> 0 | Q177: =O177-G177 -> 0.085962313 | R177: =Q177^2 -> 0.0073895193 | T177: =2*(O177-G177)*(1-O177)*O177 -> 0.013508598 | U177: =2*(O177-G177)*(1-O177)*O177*C177 -> 0.064841271 | V177: =2*(O177-G177)*(1-O177)*O177*D177 -> 0.040525795 | W177: =2*(O177-G177)*(1-O177)*O177*E177 -> 0.018912037 | X177: =2*(O177-G177)*(1-O177)*O177*F177 -> 0.0013508598
... B243: 79 | C243: 5.6 | D243: 3 | E243: 4.1 | F243: 1.3 | G243: 1 | H243: =IF(G243=P243, 1, 0) -> 1 | I243: =I242-0.1*T242 -> 0.30994135 | J243: =J242-0.1*U242 -> -0.15491304 | K243: =K242-0.1*V242 -> -0.20510257 | L243: =L242-0.1*W242 -> 0.86377898 | M243: =M242-0.1*X242 -> 0.70872013 | N243: =I243+J243*C243+K243*D243+L243*E243+F243*M243 -> 3.2899506 | O243: =1/(1+EXP(-N243)) -> 0.96408244 | P243: =IF(O243>0.5,1,0) -> 1 | Q243: =O243-G243 -> -0.035917557 | R243: =Q243^2 -> 0.0012900709 | T243: =2*(O243-G243)*(1-O243)*O243 -> -0.0024874694 | U243: =2*(O243-G243)*(1-O243)*O243*C243 -> -0.013929829 | V243: =2*(O243-G243)*(1-O243)*O243*D243 -> -0.0074624082 | W243: =2*(O243-G243)*(1-O243)*O243*E243 -> -0.010198625 | X243: =2*(O243-G243)*(1-O243)*O243*F243 -> -0.0032337102
B244: 80 | C244: 5.5 | D244: 2.5 | E244: 4 | F244: 1.3 | G244: 1 | H244: =IF(G244=P244, 1, 0) -> 1 | I244: =I243-0.1*T243 -> 0.3101901 | J244: =J243-0.1*U243 -> -0.15352006 | K244: =K243-0.1*V243 -> -0.20435633 | L244: =L243-0.1*W243 -> 0.86479884 | M244: =M243-0.1*X243 -> 0.7090435 | N244: =I244+J244*C244+K244*D244+L244*E244+F244*M244 -> 3.3358909 | O244: =1/(1+EXP(-N244)) -> 0.96563976 | P244: =IF(O244>0.5,1,0) -> 1 | Q244: =O244-G244 -> -0.034360237 | R244: =Q244^2 -> 0.0011806259 | S244: =AVERAGE(R165:R244) -> 0.024372195 | T244: =2*(O244-G244)*(1-O244)*O244 -> -0.0022801186 | U244: =2*(O244-G244)*(1-O244)*O244*C244 -> -0.012540652 | V244: =2*(O244-G244)*(1-O244)*O244*D244 -> -0.0057002964 | W244: =2*(O244-G244)*(1-O244)*O244*E244 -> -0.0091204742 | X244: =2*(O244-G244)*(1-O244)*O244*F244 -> -0.0029641541
A245: epoch 4 | B245: 1 | C245: 5.1 | D245: 3.5 | E245: 1.4 | F245: 0.2 | G245: 0 | H245: =IF(G245=P245, 1, 0) -> 0 | I245: =I244-0.1*T244 -> 0.31041811 | J245: =J244-0.1*U244 -> -0.15226599 | K245: =K244-0.1*V244 -> -0.2037863 | L245: =L244-0.1*W244 -> 0.86571089 | M245: =M244-0.1*X244 -> 0.70933991 | N245: =I245+J245*C245+K245*D245+L245*E245+F245*M245 -> 0.17447273 | O245: =1/(1+EXP(-N245)) -> 0.54350787 | P245: =IF(O245>0.5,1,0) -> 1 | Q245: =O245-G245 -> 0.54350787 | R245: =Q245^2 -> 0.29540081 | T245: =2*(O245-G245)*(1-O245)*O245 -> 0.26969629 | U245: =2*(O245-G245)*(1-O245)*O245*C245 -> 1.3754511 | V245: =2*(O245-G245)*(1-O245)*O245*D245 -> 0.943937 | W245: =2*(O245-G245)*(1-O245)*O245*E245 -> 0.3775748 | X245: =2*(O245-G245)*(1-O245)*O245*F245 -> 0.053939257
B246: 2 | C246: 4.9 | D246: 3 | E246: 1.4 | F246: 0.2 | G246: 0 | H246: =IF(G246=P246, 1, 0) -> 1 | I246: =I245-0.1*T245 -> 0.28344848 | J246: =J245-0.1*U245 -> -0.2898111 | K246: =K245-0.1*V245 -> -0.29818 | L246: =L245-0.1*W245 -> 0.82795341 | M246: =M245-0.1*X245 -> 0.70394599 | N246: =I246+J246*C246+K246*D246+L246*E246+F246*M246 -> -0.73124193 | O246: =1/(1+EXP(-N246)) -> 0.32492225 | P246: =IF(O246>0.5,1,0) -> 0 | Q246: =O246-G246 -> 0.32492225 | R246: =Q246^2 -> 0.10557447 | T246: =2*(O246-G246)*(1-O246)*O246 -> 0.14254195 | U246: =2*(O246-G246)*(1-O246)*O246*C246 -> 0.69845557 | V246: =2*(O246-G246)*(1-O246)*O246*D246 -> 0.42762586 | W246: =2*(O246-G246)*(1-O246)*O246*E246 -> 0.19955873 | X246: =2*(O246-G246)*(1-O246)*O246*F246 -> 0.02850839
B247: 3 | C247: 4.7 | D247: 3.2 | E247: 1.3 | F247: 0.2 | G247: 0 | H247: =IF(G247=P247, 1, 0) -> 1 | I247: =I246-0.1*T246 -> 0.26919429 | J247: =J246-0.1*U246 -> -0.35965665 | K247: =K246-0.1*V246 -> -0.34094258 | L247: =L246-0.1*W246 -> 0.80799753 | M247: =M246-0.1*X246 -> 0.70109515 | N247: =I247+J247*C247+K247*D247+L247*E247+F247*M247 -> -1.3215924 | O247: =1/(1+EXP(-N247)) -> 0.21055348 | P247: =IF(O247>0.5,1,0) -> 0 | Q247: =O247-G247 -> 0.21055348 | R247: =Q247^2 -> 0.044332766 | T247: =2*(O247-G247)*(1-O247)*O247 -> 0.069996696 | U247: =2*(O247-G247)*(1-O247)*O247*C247 -> 0.32898447 | V247: =2*(O247-G247)*(1-O247)*O247*D247 -> 0.22398943 | W247: =2*(O247-G247)*(1-O247)*O247*E247 -> 0.090995705 | X247: =2*(O247-G247)*(1-O247)*O247*F247 -> 0.013999339
B248: 4 | C248: 4.6 | D248: 3.1 | E248: 1.5 | F248: 0.2 | G248: 0 | H248: =IF(G248=P248, 1, 0) -> 1 | I248: =I247-0.1*T247 -> 0.26219462 | J248: =J247-0.1*U247 -> -0.3925551 | K248: =K247-0.1*V247 -> -0.36334153 | L248: =L247-0.1*W247 -> 0.79889796 | M248: =M247-0.1*X247 -> 0.69969521 | N248: =I248+J248*C248+K248*D248+L248*E248+F248*M248 -> -1.3316316 | O248: =1/(1+EXP(-N248)) -> 0.20888961 | P248: =IF(O248>0.5,1,0) -> 0 | Q248: =O248-G248 -> 0.20888961 | R248: =Q248^2 -> 0.043634868 | T248: =2*(O248-G248)*(1-O248)*O248 -> 0.069039996 | U248: =2*(O248-G248)*(1-O248)*O248*C248 -> 0.31758398 | V248: =2*(O248-G248)*(1-O248)*O248*D248 -> 0.21402399 | W248: =2*(O248-G248)*(1-O248)*O248*E248 -> 0.10355999 | X248: =2*(O248-G248)*(1-O248)*O248*F248 -> 0.013807999
B249: 5 | C249: 5 | D249: 3.6 | E249: 1.4 | F249: 0.2 | G249: 0 | H249: =IF(G249=P249, 1, 0) -> 1 | I249: =I248-0.1*T248 -> 0.25529062 | J249: =J248-0.1*U248 -> -0.4243135 | K249: =K248-0.1*V248 -> -0.38474392 | L249: =L248-0.1*W248 -> 0.78854196 | M249: =M248-0.1*X248 -> 0.69831441 | N249: =I249+J249*C249+K249*D249+L249*E249+F249*M249 -> -2.0077334 | O249: =1/(1+EXP(-N249)) -> 0.11839335 | P249: =IF(O249>0.5,1,0) -> 0 | Q249: =O249-G249 -> 0.11839335 | R249: =Q249^2 -> 0.014016986 | T249: =2*(O249-G249)*(1-O249)*O249 -> 0.024714937 | U249: =2*(O249-G249)*(1-O249)*O249*C249 -> 0.12357468 | V249: =2*(O249-G249)*(1-O249)*O249*D249 -> 0.088973772 | W249: =2*(O249-G249)*(1-O249)*O249*E249 -> 0.034600912 | X249: =2*(O249-G249)*(1-O249)*O249*F249 -> 0.0049429874
B250: 6 | C250: 5.4 | D250: 3.9 | E250: 1.7 | F250: 0.4 | G250: 0 | H250: =IF(G250=P250, 1, 0) -> 1 | I250: =I249-0.1*T249 -> 0.25281912 | J250: =J249-0.1*U249 -> -0.43667097 | K250: =K249-0.1*V249 -> -0.3936413 | L250: =L249-0.1*W249 -> 0.78508187 | M250: =M249-0.1*X249 -> 0.69782012 | N250: =I250+J250*C250+K250*D250+L250*E250+F250*M250 -> -2.026638 | O250: =1/(1+EXP(-N250)) -> 0.11643435 | P250: =IF(O250>0.5,1,0) -> 0 | Q250: =O250-G250 -> 0.11643435 | R250: =Q250^2 -> 0.013556959 | T250: =2*(O250-G250)*(1-O250)*O250 -> 0.023956926 | U250: =2*(O250-G250)*(1-O250)*O250*C250 -> 0.1293674 | V250: =2*(O250-G250)*(1-O250)*O250*D250 -> 0.093432013 | W250: =2*(O250-G250)*(1-O250)*O250*E250 -> 0.040726775 | X250: =2*(O250-G250)*(1-O250)*O250*F250 -> 0.0095827705
B251: 7 | C251: 4.6 | D251: 3.4 | E251: 1.4 | F251: 0.3 | G251: 0 | H251: =IF(G251=P251, 1, 0) -> 1 | I251: =I250-0.1*T250 -> 0.25042343 | J251: =J250-0.1*U250 -> -0.44960771 | K251: =K250-0.1*V250 -> -0.4029845 | L251: =L250-0.1*W250 -> 0.78100919 | M251: =M250-0.1*X250 -> 0.69686184 | N251: =I251+J251*C251+K251*D251+L251*E251+F251*M251 -> -1.8854479 | O251: =1/(1+EXP(-N251)) -> 0.13176437 | P251: =IF(O251>0.5,1,0) -> 0 | Q251: =O251-G251 -> 0.13176437 | R251: =Q251^2 -> 0.017361848 | T251: =2*(O251-G251)*(1-O251)*O251 -> 0.030148351 | U251: =2*(O251-G251)*(1-O251)*O251*C251 -> 0.13868241 | V251: =2*(O251-G251)*(1-O251)*O251*D251 -> 0.10250439 | W251: =2*(O251-G251)*(1-O251)*O251*E251 -> 0.042207691 | X251: =2*(O251-G251)*(1-O251)*O251*F251 -> 0.0090445053
B252: 8 | C252: 5 | D252: 3.4 | E252: 1.5 | F252: 0.2 | G252: 0 | H252: =IF(G252=P252, 1, 0) -> 1 | I252: =I251-0.1*T251 -> 0.2474086 | J252: =J251-0.1*U251 -> -0.46347595 | K252: =K251-0.1*V251 -> -0.41323494 | L252: =L251-0.1*W251 -> 0.77678843 | M252: =M251-0.1*X251 -> 0.69595739 | N252: =I252+J252*C252+K252*D252+L252*E252+F252*M252 -> -2.1705958 | O252: =1/(1+EXP(-N252)) -> 0.10242224 | P252: =IF(O252>0.5,1,0) -> 0 | Q252: =O252-G252 -> 0.10242224 | R252: =Q252^2 -> 0.010490316 | T252: =2*(O252-G252)*(1-O252)*O252 -> 0.018831749 | U252: =2*(O252-G252)*(1-O252)*O252*C252 -> 0.094158743 | V252: =2*(O252-G252)*(1-O252)*O252*D252 -> 0.064027945 | W252: =2*(O252-G252)*(1-O252)*O252*E252 -> 0.028247623 | X252: =2*(O252-G252)*(1-O252)*O252*F252 -> 0.0037663497
B253: 9 | C253: 4.4 | D253: 2.9 | E253: 1.4 | F253: 0.2 | G253: 0 | H253: =IF(G253=P253, 1, 0) -> 1 | I253: =I252-0.1*T252 -> 0.24552542 | J253: =J252-0.1*U252 -> -0.47289182 | K253: =K252-0.1*V252 -> -0.41963774 | L253: =L252-0.1*W252 -> 0.77396366 | M253: =M252-0.1*X252 -> 0.69558075 | N253: =I253+J253*C253+K253*D253+L253*E253+F253*M253 -> -1.8294828 | O253: =1/(1+EXP(-N253)) -> 0.1382999 | P253: =IF(O253>0.5,1,0) -> 0 | Q253: =O253-G253 -> 0.1382999 | R253: =Q253^2 -> 0.019126863 | T253: =2*(O253-G253)*(1-O253)*O253 -> 0.032963239 | U253: =2*(O253-G253)*(1-O253)*O253*C253 -> 0.14503825 | V253: =2*(O253-G253)*(1-O253)*O253*D253 -> 0.095593394 | W253: =2*(O253-G253)*(1-O253)*O253*E253 -> 0.046148535 | X253: =2*(O253-G253)*(1-O253)*O253*F253 -> 0.0065926479
B254: 10 | C254: 4.9 | D254: 3.1 | E254: 1.5 | F254: 0.1 | G254: 0 | H254: =IF(G254=P254, 1, 0) -> 1 | I254: =I253-0.1*T253 -> 0.2422291 | J254: =J253-0.1*U253 -> -0.48739565 | K254: =K253-0.1*V253 -> -0.42919708 | L254: =L253-0.1*W253 -> 0.76934881 | M254: =M253-0.1*X253 -> 0.69492149 | N254: =I254+J254*C254+K254*D254+L254*E254+F254*M254 -> -2.2530052 | O254: =1/(1+EXP(-N254)) -> 0.095090561 | P254: =IF(O254>0.5,1,0) -> 0 | Q254: =O254-G254 -> 0.095090561 | R254: =Q254^2 -> 0.0090422148 | T254: =2*(O254-G254)*(1-O254)*O254 -> 0.016364771 | U254: =2*(O254-G254)*(1-O254)*O254*C254 -> 0.080187378 | V254: =2*(O254-G254)*(1-O254)*O254*D254 -> 0.05073079 | W254: =2*(O254-G254)*(1-O254)*O254*E254 -> 0.024547157 | X254: =2*(O254-G254)*(1-O254)*O254*F254 -> 0.0016364771
B255: 11 | C255: 5.4 | D255: 3.7 | E255: 1.5 | F255: 0.2 | G255: 0 | H255: =IF(G255=P255, 1, 0) -> 1 | I255: =I254-0.1*T254 -> 0.24059262 | J255: =J254-0.1*U254 -> -0.49541439 | K255: =K254-0.1*V254 -> -0.43427016 | L255: =L254-0.1*W254 -> 0.76689409 | M255: =M254-0.1*X254 -> 0.69475784 | N255: =I255+J255*C255+K255*D255+L255*E255+F255*M255 -> -2.7521519 | O255: =1/(1+EXP(-N255)) -> 0.059965232 | P255: =IF(O255>0.5,1,0) -> 0 | Q255: =O255-G255 -> 0.059965232 | R255: =Q255^2 -> 0.003595829 | T255: =2*(O255-G255)*(1-O255)*O255 -> 0.0067604086 | U255: =2*(O255-G255)*(1-O255)*O255*C255 -> 0.036506206 | V255: =2*(O255-G255)*(1-O255)*O255*D255 -> 0.025013512 | W255: =2*(O255-G255)*(1-O255)*O255*E255 -> 0.010140613 | X255: =2*(O255-G255)*(1-O255)*O255*F255 -> 0.0013520817
B256: 12 | C256: 4.8 | D256: 3.4 | E256: 1.6 | F256: 0.2 | G256: 0 | H256: =IF(G256=P256, 1, 0) -> 1 | I256: =I255-0.1*T255 -> 0.23991658 | J256: =J255-0.1*U255 -> -0.49906501 | K256: =K255-0.1*V255 -> -0.43677151 | L256: =L255-0.1*W255 -> 0.76588003 | M256: =M255-0.1*X255 -> 0.69462263 | N256: =I256+J256*C256+K256*D256+L256*E256+F256*M256 -> -2.276286 | O256: =1/(1+EXP(-N256)) -> 0.09310608 | P256: =IF(O256>0.5,1,0) -> 0 | Q256: =O256-G256 -> 0.09310608 | R256: =Q256^2 -> 0.008668742 | T256: =2*(O256-G256)*(1-O256)*O256 -> 0.015723259 | U256: =2*(O256-G256)*(1-O256)*O256*C256 -> 0.075471643 | V256: =2*(O256-G256)*(1-O256)*O256*D256 -> 0.05345908 | W256: =2*(O256-G256)*(1-O256)*O256*E256 -> 0.025157214 | X256: =2*(O256-G256)*(1-O256)*O256*F256 -> 0.0031446518
B257: 13 | C257: 4.8 | D257: 3 | E257: 1.4 | F257: 0.1 | G257: 0 | H257: =IF(G257=P257, 1, 0) -> 1 | I257: =I256-0.1*T256 -> 0.23834425 | J257: =J256-0.1*U256 -> -0.50661217 | K257: =K256-0.1*V256 -> -0.44211741 | L257: =L256-0.1*W256 -> 0.76336431 | M257: =M256-0.1*X256 -> 0.69430817 | N257: =I257+J257*C257+K257*D257+L257*E257+F257*M257 -> -2.3816056 | O257: =1/(1+EXP(-N257)) -> 0.084586162 | P257: =IF(O257>0.5,1,0) -> 0 | Q257: =O257-G257 -> 0.084586162 | R257: =Q257^2 -> 0.0071548187 | T257: =2*(O257-G257)*(1-O257)*O257 -> 0.01309924 | U257: =2*(O257-G257)*(1-O257)*O257*C257 -> 0.062876353 | V257: =2*(O257-G257)*(1-O257)*O257*D257 -> 0.039297721 | W257: =2*(O257-G257)*(1-O257)*O257*E257 -> 0.018338936 | X257: =2*(O257-G257)*(1-O257)*O257*F257 -> 0.001309924
... B323: 79 | C323: 5.6 | D323: 3 | E323: 4.1 | F323: 1.3 | G323: 1 | H323: =IF(G323=P323, 1, 0) -> 1 | I323: =I322-0.1*T322 -> 0.28181082 | J323: =J322-0.1*U322 -> -0.20443178 | K323: =K322-0.1*V322 -> -0.31943513 | L323: =L322-0.1*W322 -> 1.0006636 | M323: =M322-0.1*X322 -> 0.77018578 | N323: =I323+J323*C323+K323*D323+L323*E323+F323*M323 -> 3.2826497 | O323: =1/(1+EXP(-N323)) -> 0.96382877 | P323: =IF(O323>0.5,1,0) -> 1 | Q323: =O323-G323 -> -0.036171226 | R323: =Q323^2 -> 0.0013083576 | T323: =2*(O323-G323)*(1-O323)*O323 -> -0.0025220653 | U323: =2*(O323-G323)*(1-O323)*O323*C323 -> -0.014123566 | V323: =2*(O323-G323)*(1-O323)*O323*D323 -> -0.007566196 | W323: =2*(O323-G323)*(1-O323)*O323*E323 -> -0.010340468 | X323: =2*(O323-G323)*(1-O323)*O323*F323 -> -0.0032786849
B324: 80 | C324: 5.5 | D324: 2.5 | E324: 4 | F324: 1.3 | G324: 1 | H324: =IF(G324=P324, 1, 0) -> 1 | I324: =I323-0.1*T323 -> 0.28206303 | J324: =J323-0.1*U323 -> -0.20301942 | K324: =K323-0.1*V323 -> -0.31867851 | L324: =L323-0.1*W323 -> 1.0016976 | M324: =M323-0.1*X323 -> 0.77051365 | N324: =I324+J324*C324+K324*D324+L324*E324+F324*M324 -> 3.3772182 | O324: =1/(1+EXP(-N324)) -> 0.96698491 | P324: =IF(O324>0.5,1,0) -> 1 | Q324: =O324-G324 -> -0.033015087 | R324: =Q324^2 -> 0.001089996 | S324: =AVERAGE(R245:R324) -> 0.017357202 | T324: =2*(O324-G324)*(1-O324)*O324 -> -0.0021080194 | U324: =2*(O324-G324)*(1-O324)*O324*C324 -> -0.011594107 | V324: =2*(O324-G324)*(1-O324)*O324*D324 -> -0.0052700484 | W324: =2*(O324-G324)*(1-O324)*O324*E324 -> -0.0084320775 | X324: =2*(O324-G324)*(1-O324)*O324*F324 -> -0.0027404252
A325: epoch 5 | B325: 1 | C325: 5.1 | D325: 3.5 | E325: 1.4 | F325: 0.2 | G325: 0 | H325: =IF(G325=P325, 1, 0) -> 1 | I325: =I324-0.1*T324 -> 0.28227383 | J325: =J324-0.1*U324 -> -0.20186001 | K325: =K324-0.1*V324 -> -0.3181515 | L325: =L324-0.1*W324 -> 1.0025408 | M325: =M324-0.1*X324 -> 0.77078769 | N325: =I325+J325*C325+K325*D325+L325*E325+F325*M325 -> -0.30302776 | O325: =1/(1+EXP(-N325)) -> 0.42481749 | P325: =IF(O325>0.5,1,0) -> 0 | Q325: =O325-G325 -> 0.42481749 | R325: =Q325^2 -> 0.1804699 | T325: =2*(O325-G325)*(1-O325)*O325 -> 0.20760626 | U325: =2*(O325-G325)*(1-O325)*O325*C325 -> 1.0587919 | V325: =2*(O325-G325)*(1-O325)*O325*D325 -> 0.72662191 | W325: =2*(O325-G325)*(1-O325)*O325*E325 -> 0.29064876 | X325: =2*(O325-G325)*(1-O325)*O325*F325 -> 0.041521252
B326: 2 | C326: 4.9 | D326: 3 | E326: 1.4 | F326: 0.2 | G326: 0 | H326: =IF(G326=P326, 1, 0) -> 1 | I326: =I325-0.1*T325 -> 0.26151321 | J326: =J325-0.1*U325 -> -0.3077392 | K326: =K325-0.1*V325 -> -0.39081369 | L326: =L325-0.1*W325 -> 0.97347597 | M326: =M325-0.1*X325 -> 0.76663557 | N326: =I326+J326*C326+K326*D326+L326*E326+F326*M326 -> -0.9026565 | O326: =1/(1+EXP(-N326)) -> 0.28850489 | P326: =IF(O326>0.5,1,0) -> 0 | Q326: =O326-G326 -> 0.28850489 | R326: =Q326^2 -> 0.083235073 | T326: =2*(O326-G326)*(1-O326)*O326 -> 0.11844269 | U326: =2*(O326-G326)*(1-O326)*O326*C326 -> 0.5803692 | V326: =2*(O326-G326)*(1-O326)*O326*D326 -> 0.35532808 | W326: =2*(O326-G326)*(1-O326)*O326*E326 -> 0.16581977 | X326: =2*(O326-G326)*(1-O326)*O326*F326 -> 0.023688539
B327: 3 | C327: 4.7 | D327: 3.2 | E327: 1.3 | F327: 0.2 | G327: 0 | H327: =IF(G327=P327, 1, 0) -> 1 | I327: =I326-0.1*T326 -> 0.24966894 | J327: =J326-0.1*U326 -> -0.36577612 | K327: =K326-0.1*V326 -> -0.4263465 | L327: =L326-0.1*W326 -> 0.95689399 | M327: =M326-0.1*X326 -> 0.76426671 | N327: =I327+J327*C327+K327*D327+L327*E327+F327*M327 -> -1.4369721 | O327: =1/(1+EXP(-N327)) -> 0.19201467 | P327: =IF(O327>0.5,1,0) -> 0 | Q327: =O327-G327 -> 0.19201467 | R327: =Q327^2 -> 0.036869634 | T327: =2*(O327-G327)*(1-O327)*O327 -> 0.059580247 | U327: =2*(O327-G327)*(1-O327)*O327*C327 -> 0.28002716 | V327: =2*(O327-G327)*(1-O327)*O327*D327 -> 0.19065679 | W327: =2*(O327-G327)*(1-O327)*O327*E327 -> 0.077454321 | X327: =2*(O327-G327)*(1-O327)*O327*F327 -> 0.011916049
B328: 4 | C328: 4.6 | D328: 3.1 | E328: 1.5 | F328: 0.2 | G328: 0 | H328: =IF(G328=P328, 1, 0) -> 1 | I328: =I327-0.1*T327 -> 0.24371091 | J328: =J327-0.1*U327 -> -0.39377884 | K328: =K327-0.1*V327 -> -0.44541218 | L328: =L327-0.1*W327 -> 0.94914856 | M328: =M327-0.1*X327 -> 0.76307511 | N328: =I328+J328*C328+K328*D328+L328*E328+F328*M328 -> -1.3721116 | O328: =1/(1+EXP(-N328)) -> 0.20227889 | P328: =IF(O328>0.5,1,0) -> 0 | Q328: =O328-G328 -> 0.20227889 | R328: =Q328^2 -> 0.04091675 | T328: =2*(O328-G328)*(1-O328)*O328 -> 0.065280311 | U328: =2*(O328-G328)*(1-O328)*O328*C328 -> 0.30028943 | V328: =2*(O328-G328)*(1-O328)*O328*D328 -> 0.20236896 | W328: =2*(O328-G328)*(1-O328)*O328*E328 -> 0.097920466 | X328: =2*(O328-G328)*(1-O328)*O328*F328 -> 0.013056062
B329: 5 | C329: 5 | D329: 3.6 | E329: 1.4 | F329: 0.2 | G329: 0 | H329: =IF(G329=P329, 1, 0) -> 1 | I329: =I328-0.1*T328 -> 0.23718288 | J329: =J328-0.1*U328 -> -0.42380778 | K329: =K328-0.1*V328 -> -0.46564908 | L329: =L328-0.1*W328 -> 0.93935652 | M329: =M328-0.1*X328 -> 0.7617695 | N329: =I329+J329*C329+K329*D329+L329*E329+F329*M329 -> -2.0907397 | O329: =1/(1+EXP(-N329)) -> 0.11000014 | P329: =IF(O329>0.5,1,0) -> 0 | Q329: =O329-G329 -> 0.11000014 | R329: =Q329^2 -> 0.01210003 | T329: =2*(O329-G329)*(1-O329)*O329 -> 0.021538051 | U329: =2*(O329-G329)*(1-O329)*O329*C329 -> 0.10769025 | V329: =2*(O329-G329)*(1-O329)*O329*D329 -> 0.077536982 | W329: =2*(O329-G329)*(1-O329)*O329*E329 -> 0.030153271 | X329: =2*(O329-G329)*(1-O329)*O329*F329 -> 0.0043076101
B330: 6 | C330: 5.4 | D330: 3.9 | E330: 1.7 | F330: 0.4 | G330: 0 | H330: =IF(G330=P330, 1, 0) -> 1 | I330: =I329-0.1*T329 -> 0.23502908 | J330: =J329-0.1*U329 -> -0.43457681 | K330: =K329-0.1*V329 -> -0.47340278 | L330: =L329-0.1*W329 -> 0.93634119 | M330: =M329-0.1*X329 -> 0.76133874 | N330: =I330+J330*C330+K330*D330+L330*E330+F330*M330 -> -2.061641 | O330: =1/(1+EXP(-N330)) -> 0.1128814 | P330: =IF(O330>0.5,1,0) -> 0 | Q330: =O330-G330 -> 0.1128814 | R330: =Q330^2 -> 0.01274221 | T330: =2*(O330-G330)*(1-O330)*O330 -> 0.022607703 | U330: =2*(O330-G330)*(1-O330)*O330*C330 -> 0.1220816 | V330: =2*(O330-G330)*(1-O330)*O330*D330 -> 0.088170041 | W330: =2*(O330-G330)*(1-O330)*O330*E330 -> 0.038433095 | X330: =2*(O330-G330)*(1-O330)*O330*F330 -> 0.0090430812
B331: 7 | C331: 4.6 | D331: 3.4 | E331: 1.4 | F331: 0.3 | G331: 0 | H331: =IF(G331=P331, 1, 0) -> 1 | I331: =I330-0.1*T330 -> 0.23276831 | J331: =J330-0.1*U330 -> -0.44678497 | K331: =K330-0.1*V330 -> -0.48221978 | L331: =L330-0.1*W330 -> 0.93249788 | M331: =M330-0.1*X330 -> 0.76043443 | N331: =I331+J331*C331+K331*D331+L331*E331+F331*M331 -> -1.9283624 | O331: =1/(1+EXP(-N331)) -> 0.12693194 | P331: =IF(O331>0.5,1,0) -> 0 | Q331: =O331-G331 -> 0.12693194 | R331: =Q331^2 -> 0.016111719 | T331: =2*(O331-G331)*(1-O331)*O331 -> 0.028133254 | U331: =2*(O331-G331)*(1-O331)*O331*C331 -> 0.12941297 | V331: =2*(O331-G331)*(1-O331)*O331*D331 -> 0.095653062 | W331: =2*(O331-G331)*(1-O331)*O331*E331 -> 0.039386555 | X331: =2*(O331-G331)*(1-O331)*O331*F331 -> 0.0084399761
B332: 8 | C332: 5 | D332: 3.4 | E332: 1.5 | F332: 0.2 | G332: 0 | H332: =IF(G332=P332, 1, 0) -> 1 | I332: =I331-0.1*T331 -> 0.22995498 | J332: =J331-0.1*U331 -> -0.45972626 | K332: =K331-0.1*V331 -> -0.49178509 | L332: =L331-0.1*W331 -> 0.92855922 | M332: =M331-0.1*X331 -> 0.75959043 | N332: =I332+J332*C332+K332*D332+L332*E332+F332*M332 -> -2.1959887 | O332: =1/(1+EXP(-N332)) -> 0.10011128 | P332: =IF(O332>0.5,1,0) -> 0 | Q332: =O332-G332 -> 0.10011128 | R332: =Q332^2 -> 0.010022269 | T332: =2*(O332-G332)*(1-O332)*O332 -> 0.018037854 | U332: =2*(O332-G332)*(1-O332)*O332*C332 -> 0.090189268 | V332: =2*(O332-G332)*(1-O332)*O332*D332 -> 0.061328702 | W332: =2*(O332-G332)*(1-O332)*O332*E332 -> 0.02705678 | X332: =2*(O332-G332)*(1-O332)*O332*F332 -> 0.0036075707
B333: 9 | C333: 4.4 | D333: 2.9 | E333: 1.4 | F333: 0.2 | G333: 0 | H333: =IF(G333=P333, 1, 0) -> 1 | I333: =I332-0.1*T332 -> 0.2281512 | J333: =J332-0.1*U332 -> -0.46874519 | K333: =K332-0.1*V332 -> -0.49791796 | L333: =L332-0.1*W332 -> 0.92585355 | M333: =M332-0.1*X332 -> 0.75922968 | N333: =I333+J333*C333+K333*D333+L333*E333+F333*M333 -> -1.8302488 | O333: =1/(1+EXP(-N333)) -> 0.13820863 | P333: =IF(O333>0.5,1,0) -> 0 | Q333: =O333-G333 -> 0.13820863 | R333: =Q333^2 -> 0.019101627 | T333: =2*(O333-G333)*(1-O333)*O333 -> 0.032923234 | U333: =2*(O333-G333)*(1-O333)*O333*C333 -> 0.14486223 | V333: =2*(O333-G333)*(1-O333)*O333*D333 -> 0.095477378 | W333: =2*(O333-G333)*(1-O333)*O333*E333 -> 0.046092527 | X333: =2*(O333-G333)*(1-O333)*O333*F333 -> 0.0065846468
B334: 10 | C334: 4.9 | D334: 3.1 | E334: 1.5 | F334: 0.1 | G334: 0 | H334: =IF(G334=P334, 1, 0) -> 1 | I334: =I333-0.1*T333 -> 0.22485887 | J334: =J333-0.1*U333 -> -0.48323141 | K334: =K333-0.1*V333 -> -0.50746569 | L334: =L333-0.1*W333 -> 0.92124429 | M334: =M333-0.1*X333 -> 0.75857121 | N334: =I334+J334*C334+K334*D334+L334*E334+F334*M334 -> -2.2583951 | O334: =1/(1+EXP(-N334)) -> 0.094627773 | P334: =IF(O334>0.5,1,0) -> 0 | Q334: =O334-G334 -> 0.094627773 | R334: =Q334^2 -> 0.0089544154 | T334: =2*(O334-G334)*(1-O334)*O334 -> 0.016214158 | U334: =2*(O334-G334)*(1-O334)*O334*C334 -> 0.079449374 | V334: =2*(O334-G334)*(1-O334)*O334*D334 -> 0.05026389 | W334: =2*(O334-G334)*(1-O334)*O334*E334 -> 0.024321237 | X334: =2*(O334-G334)*(1-O334)*O334*F334 -> 0.0016214158
B335: 11 | C335: 5.4 | D335: 3.7 | E335: 1.5 | F335: 0.2 | G335: 0 | H335: =IF(G335=P335, 1, 0) -> 1 | I335: =I334-0.1*T334 -> 0.22323746 | J335: =J334-0.1*U334 -> -0.49117635 | K335: =K334-0.1*V334 -> -0.51249208 | L335: =L334-0.1*W334 -> 0.91881217 | M335: =M334-0.1*X334 -> 0.75840907 | N335: =I335+J335*C335+K335*D335+L335*E335+F335*M335 -> -2.7954355 | O335: =1/(1+EXP(-N335)) -> 0.057571333 | P335: =IF(O335>0.5,1,0) -> 0 | Q335: =O335-G335 -> 0.057571333 | R335: =Q335^2 -> 0.0033144584 | T335: =2*(O335-G335)*(1-O335)*O335 -> 0.0062472812 | U335: =2*(O335-G335)*(1-O335)*O335*C335 -> 0.033735318 | V335: =2*(O335-G335)*(1-O335)*O335*D335 -> 0.02311494 | W335: =2*(O335-G335)*(1-O335)*O335*E335 -> 0.0093709218 | X335: =2*(O335-G335)*(1-O335)*O335*F335 -> 0.0012494562
B336: 12 | C336: 4.8 | D336: 3.4 | E336: 1.6 | F336: 0.2 | G336: 0 | H336: =IF(G336=P336, 1, 0) -> 1 | I336: =I335-0.1*T335 -> 0.22261273 | J336: =J335-0.1*U335 -> -0.49454988 | K336: =K335-0.1*V335 -> -0.51480358 | L336: =L335-0.1*W335 -> 0.91787508 | M336: =M335-0.1*X335 -> 0.75828413 | N336: =I336+J336*C336+K336*D336+L336*E336+F336*M336 -> -2.2813019 | O336: =1/(1+EXP(-N336)) -> 0.092683412 | P336: =IF(O336>0.5,1,0) -> 0 | Q336: =O336-G336 -> 0.092683412 | R336: =Q336^2 -> 0.0085902149 | T336: =2*(O336-G336)*(1-O336)*O336 -> 0.015588089 | U336: =2*(O336-G336)*(1-O336)*O336*C336 -> 0.074822827 | V336: =2*(O336-G336)*(1-O336)*O336*D336 -> 0.052999502 | W336: =2*(O336-G336)*(1-O336)*O336*E336 -> 0.024940942 | X336: =2*(O336-G336)*(1-O336)*O336*F336 -> 0.0031176178
B337: 13 | C337: 4.8 | D337: 3 | E337: 1.4 | F337: 0.1 | G337: 0 | H337: =IF(G337=P337, 1, 0) -> 1 | I337: =I336-0.1*T336 -> 0.22105392 | J337: =J336-0.1*U336 -> -0.50203217 | K337: =K336-0.1*V336 -> -0.52010353 | L337: =L336-0.1*W336 -> 0.91538098 | M337: =M336-0.1*X336 -> 0.75797236 | N337: =I337+J337*C337+K337*D337+L337*E337+F337*M337 -> -2.3916804 | O337: =1/(1+EXP(-N337)) -> 0.083809308 | P337: =IF(O337>0.5,1,0) -> 0 | Q337: =O337-G337 -> 0.083809308 | R337: =Q337^2 -> 0.0070240001 | T337: =2*(O337-G337)*(1-O337)*O337 -> 0.012870647 | U337: =2*(O337-G337)*(1-O337)*O337*C337 -> 0.061779106 | V337: =2*(O337-G337)*(1-O337)*O337*D337 -> 0.038611941 | W337: =2*(O337-G337)*(1-O337)*O337*E337 -> 0.018018906 | X337: =2*(O337-G337)*(1-O337)*O337*F337 -> 0.0012870647
... B403: 79 | C403: 5.6 | D403: 3 | E403: 4.1 | F403: 1.3 | G403: 1 | H403: =IF(G403=P403, 1, 0) -> 1 | I403: =I402-0.1*T402 -> 0.25728686 | J403: =J402-0.1*U402 -> -0.24420695 | K403: =K402-0.1*V402 -> -0.41810778 | L403: =L402-0.1*W402 -> 1.1204579 | M403: =M402-0.1*X402 -> 0.82349591 | N403: =I403+J403*C403+K403*D403+L403*E403+F403*M403 -> 3.2998268 | O403: =1/(1+EXP(-N403)) -> 0.96442287 | P403: =IF(O403>0.5,1,0) -> 1 | Q403: =O403-G403 -> -0.035577132 | R403: =Q403^2 -> 0.0012657323 | T403: =2*(O403-G403)*(1-O403)*O403 -> -0.0024414023 | U403: =2*(O403-G403)*(1-O403)*O403*C403 -> -0.013671853 | V403: =2*(O403-G403)*(1-O403)*O403*D403 -> -0.007324207 | W403: =2*(O403-G403)*(1-O403)*O403*E403 -> -0.01000975 | X403: =2*(O403-G403)*(1-O403)*O403*F403 -> -0.0031738231
B404: 80 | C404: 5.5 | D404: 2.5 | E404: 4 | F404: 1.3 | G404: 1 | H404: =IF(G404=P404, 1, 0) -> 1 | I404: =I403-0.1*T403 -> 0.257531 | J404: =J403-0.1*U403 -> -0.24283977 | K404: =K403-0.1*V403 -> -0.41737536 | L404: =L403-0.1*W403 -> 1.1214589 | M404: =M403-0.1*X403 -> 0.82381329 | N404: =I404+J404*C404+K404*D404+L404*E404+F404*M404 -> 3.4352668 | O404: =1/(1+EXP(-N404)) -> 0.96878871 | P404: =IF(O404>0.5,1,0) -> 1 | Q404: =O404-G404 -> -0.031211286 | R404: =Q404^2 -> 0.00097414435 | S404: =AVERAGE(R325:R404) -> 0.012740158 | T404: =2*(O404-G404)*(1-O404)*O404 -> -0.0018874801 | U404: =2*(O404-G404)*(1-O404)*O404*C404 -> -0.010381141 | V404: =2*(O404-G404)*(1-O404)*O404*D404 -> -0.0047187003 | W404: =2*(O404-G404)*(1-O404)*O404*E404 -> -0.0075499204 | X404: =2*(O404-G404)*(1-O404)*O404*F404 -> -0.0024537241
B407: Rekap Rata-rata SSE (Loss) per Epoch | E407: Rekap Akurasi per Epoch
B408: Epoch | C408: Rata-rata SSE | E408: Epoch | F408: Akurasi
B409: Epoch 1 | C409: =S84 -> 0.44988866 | E409: Epoch 1 | F409: =SUM(H5:H84)/80 -> 0.525
B410: Epoch 2 | C410: =S164 -> 0.037451914 | E410: Epoch 2 | F410: =SUM(H85:H164)/80 -> 0.95
B411: Epoch 3 | C411: =S244 -> 0.024372195 | E411: Epoch 3 | F411: =SUM(H165:H244)/80 -> 0.975
B412: Epoch 4 | C412: =S324 -> 0.017357202 | E412: Epoch 4 | F412: =SUM(H245:H324)/80 -> 0.975
B413: Epoch 5 | C413: =S404 -> 0.012740158 | E413: Epoch 5 | F413: =SUM(H325:H404)/80 -> 0.9875

Sheet SLP-Validation
I2: in validation, bias and teta are obtained from training for each epoch
G4: Setosa = 0 | I4: Learning Rate | K4: 0.1
G5: Versicolor = 1 | H5: Apakah prediksi sama dengan label aslinya? | I5: Bobot bias | N5: dot product | O5: Sigmoid | P5: Prediksi | Q5: error | R5: Sum Square Error | S5: Rata-rata Sum Square Error | T5: dbias | U5: dteta1 | V5: dteta2 | W5: dteta3 | X5: dteta4
A6: EPOCH | B6: No | C6: X1 | D6: X2 | E6: X3 | F6: X4 | G6: TARGET | I6: bias | J6: teta1 | K6: teta2 | L6: teta 3 | M6: teta4 | N6: z | O6: g(z)
A7: epoch1 | B7: 1 | C7: {=IF($B7<=10, INDEX(Data!$A:$A,40+$B7), INDEX(Data!$A:$A,80+$B7))} -> 5 | D7: {=IF($B7<=10, INDEX(Data!$B:$B,40+$B7), INDEX(Data!$B:$B,80+$B7))} -> 3.5 | E7: {=IF($B7<=10, INDEX(Data!$C:$C,40+$B7), INDEX(Data!$C:$C,80+$B7))} -> 1.3 | F7: {=IF($B7<=10, INDEX(Data!$D:$D,40+$B7), INDEX(Data!$D:$D,80+$B7))} -> 0.3 | G7: {=IF(INDEX(Data!$E:$E,IF($B7<=10,40+$B7,80+$B7))="Iris-setosa",0,1)} -> 0 | H7: =IF(G7=P7, 1, 0) -> 0 | I7: ='SLP-Training'!I84 -> 0.38006952 | J7: ='SLP-Training'!J84 -> -0.020599416 | K7: ='SLP-Training'!K84 -> 0.070780062 | L7: ='SLP-Training'!L84 -> 0.52338294 | M7: ='SLP-Training'!M84 -> 0.55079359 | N7: =I7+J7*C7+K7*D7+L7*E7+F7*M7 -> 1.3704386 | O7: =1/(1+EXP(-N7)) -> 0.797451 | P7: =IF(O7>0.5,1,0) -> 1 | Q7: =O7-G7 -> 0.797451 | R7: =Q7^2 -> 0.6359281 | T7: =2*(O7-G7)*(1-O7)*O7 -> 0.2576132 | U7: =2*(O7-G7)*(1-O7)*O7*C7 -> 1.288066 | V7: =2*(O7-G7)*(1-O7)*O7*D7 -> 0.9016462 | W7: =2*(O7-G7)*(1-O7)*O7*E7 -> 0.33489716 | X7: =2*(O7-G7)*(1-O7)*O7*F7 -> 0.07728396
B8: 2 | C8: {=IF($B8<=10, INDEX(Data!$A:$A,40+$B8), INDEX(Data!$A:$A,80+$B8))} -> 4.5 | D8: {=IF($B8<=10, INDEX(Data!$B:$B,40+$B8), INDEX(Data!$B:$B,80+$B8))} -> 2.3 | E8: {=IF($B8<=10, INDEX(Data!$C:$C,40+$B8), INDEX(Data!$C:$C,80+$B8))} -> 1.3 | F8: {=IF($B8<=10, INDEX(Data!$D:$D,40+$B8), INDEX(Data!$D:$D,80+$B8))} -> 0.3 | G8: {=IF(INDEX(Data!$E:$E,IF($B8<=10,40+$B8,80+$B8))="Iris-setosa",0,1)} -> 0 | H8: =IF(G8=P8, 1, 0) -> 0 | I8: =I7-$K$4*T7 -> 0.3543082 | J8: =J7-$K$4*U7 -> -0.14940602 | K8: =K7-$K$4*V7 -> -0.019384558 | L8: =L7-$K$4*W7 -> 0.48989322 | M8: =M7-$K$4*X7 -> 0.54306519 | N8: =I8+J8*C8+K8*D8+L8*E8+F8*M8 -> 0.43717739 | O8: =1/(1+EXP(-N8)) -> 0.60758625 | P8: =IF(O8>0.5,1,0) -> 1 | Q8: =O8-G8 -> 0.60758625 | R8: =Q8^2 -> 0.36916106 | T8: =2*(O8-G8)*(1-O8)*O8 -> 0.28972775 | U8: =2*(O8-G8)*(1-O8)*O8*C8 -> 1.3037749 | V8: =2*(O8-G8)*(1-O8)*O8*D8 -> 0.66637382 | W8: =2*(O8-G8)*(1-O8)*O8*E8 -> 0.37664607 | X8: =2*(O8-G8)*(1-O8)*O8*F8 -> 0.086918324
B9: 3 | C9: {=IF($B9<=10, INDEX(Data!$A:$A,40+$B9), INDEX(Data!$A:$A,80+$B9))} -> 4.4 | D9: {=IF($B9<=10, INDEX(Data!$B:$B,40+$B9), INDEX(Data!$B:$B,80+$B9))} -> 3.2 | E9: {=IF($B9<=10, INDEX(Data!$C:$C,40+$B9), INDEX(Data!$C:$C,80+$B9))} -> 1.3 | F9: {=IF($B9<=10, INDEX(Data!$D:$D,40+$B9), INDEX(Data!$D:$D,80+$B9))} -> 0.2 | G9: {=IF(INDEX(Data!$E:$E,IF($B9<=10,40+$B9,80+$B9))="Iris-setosa",0,1)} -> 0 | H9: =IF(G9=P9, 1, 0) -> 1 | I9: =I8-$K$4*T8 -> 0.32533543 | J9: =J8-$K$4*U8 -> -0.2797835 | K9: =K8-$K$4*V8 -> -0.08602194 | L9: =L8-$K$4*W8 -> 0.45222861 | M9: =M8-$K$4*X8 -> 0.53437336 | N9: =I9+J9*C9+K9*D9+L9*E9+F9*M9 -> -0.48621032 | O9: =1/(1+EXP(-N9)) -> 0.38078673 | P9: =IF(O9>0.5,1,0) -> 0 | Q9: =O9-G9 -> 0.38078673 | R9: =Q9^2 -> 0.14499853 | T9: =2*(O9-G9)*(1-O9)*O9 -> 0.17957003 | U9: =2*(O9-G9)*(1-O9)*O9*C9 -> 0.79010813 | V9: =2*(O9-G9)*(1-O9)*O9*D9 -> 0.57462409 | W9: =2*(O9-G9)*(1-O9)*O9*E9 -> 0.23344104 | X9: =2*(O9-G9)*(1-O9)*O9*F9 -> 0.035914006
B10: 4 | C10: {=IF($B10<=10, INDEX(Data!$A:$A,40+$B10), INDEX(Data!$A:$A,80+$B10))} -> 5 | D10: {=IF($B10<=10, INDEX(Data!$B:$B,40+$B10), INDEX(Data!$B:$B,80+$B10))} -> 3.5 | E10: {=IF($B10<=10, INDEX(Data!$C:$C,40+$B10), INDEX(Data!$C:$C,80+$B10))} -> 1.6 | F10: {=IF($B10<=10, INDEX(Data!$D:$D,40+$B10), INDEX(Data!$D:$D,80+$B10))} -> 0.6 | G10: {=IF(INDEX(Data!$E:$E,IF($B10<=10,40+$B10,80+$B10))="Iris-setosa",0,1)} -> 0 | H10: =IF(G10=P10, 1, 0) -> 1 | I10: =I9-$K$4*T9 -> 0.30737843 | J10: =J9-$K$4*U9 -> -0.35879431 | K10: =K9-$K$4*V9 -> -0.14348435 | L10: =L9-$K$4*W9 -> 0.42888451 | M10: =M9-$K$4*X9 -> 0.53078196 | N10: =I10+J10*C10+K10*D10+L10*E10+F10*M10 -> -0.98410398 | O10: =1/(1+EXP(-N10)) -> 0.27207822 | P10: =IF(O10>0.5,1,0) -> 0 | Q10: =O10-G10 -> 0.27207822 | R10: =Q10^2 -> 0.07402656 | T10: =2*(O10-G10)*(1-O10)*O10 -> 0.10777109 | U10: =2*(O10-G10)*(1-O10)*O10*C10 -> 0.53885545 | V10: =2*(O10-G10)*(1-O10)*O10*D10 -> 0.37719881 | W10: =2*(O10-G10)*(1-O10)*O10*E10 -> 0.17243374 | X10: =2*(O10-G10)*(1-O10)*O10*F10 -> 0.064662654
B11: 5 | C11: {=IF($B11<=10, INDEX(Data!$A:$A,40+$B11), INDEX(Data!$A:$A,80+$B11))} -> 5.1 | D11: {=IF($B11<=10, INDEX(Data!$B:$B,40+$B11), INDEX(Data!$B:$B,80+$B11))} -> 3.8 | E11: {=IF($B11<=10, INDEX(Data!$C:$C,40+$B11), INDEX(Data!$C:$C,80+$B11))} -> 1.9 | F11: {=IF($B11<=10, INDEX(Data!$D:$D,40+$B11), INDEX(Data!$D:$D,80+$B11))} -> 0.4 | G11: {=IF(INDEX(Data!$E:$E,IF($B11<=10,40+$B11,80+$B11))="Iris-setosa",0,1)} -> 0 | H11: =IF(G11=P11, 1, 0) -> 1 | I11: =I10-$K$4*T10 -> 0.29660132 | J11: =J10-$K$4*U10 -> -0.41267986 | K11: =K10-$K$4*V10 -> -0.18120423 | L11: =L10-$K$4*W10 -> 0.41164113 | M11: =M10-$K$4*X10 -> 0.5243157 | N11: =I11+J11*C11+K11*D11+L11*E11+F11*M11 -> -1.5047976 | O11: =1/(1+EXP(-N11)) -> 0.18171107 | P11: =IF(O11>0.5,1,0) -> 0 | Q11: =O11-G11 -> 0.18171107 | R11: =Q11^2 -> 0.033018912 | T11: =2*(O11-G11)*(1-O11)*O11 -> 0.05403802 | U11: =2*(O11-G11)*(1-O11)*O11*C11 -> 0.2755939 | V11: =2*(O11-G11)*(1-O11)*O11*D11 -> 0.20534448 | W11: =2*(O11-G11)*(1-O11)*O11*E11 -> 0.10267224 | X11: =2*(O11-G11)*(1-O11)*O11*F11 -> 0.021615208
B12: 6 | C12: {=IF($B12<=10, INDEX(Data!$A:$A,40+$B12), INDEX(Data!$A:$A,80+$B12))} -> 4.8 | D12: {=IF($B12<=10, INDEX(Data!$B:$B,40+$B12), INDEX(Data!$B:$B,80+$B12))} -> 3 | E12: {=IF($B12<=10, INDEX(Data!$C:$C,40+$B12), INDEX(Data!$C:$C,80+$B12))} -> 1.4 | F12: {=IF($B12<=10, INDEX(Data!$D:$D,40+$B12), INDEX(Data!$D:$D,80+$B12))} -> 0.3 | G12: {=IF(INDEX(Data!$E:$E,IF($B12<=10,40+$B12,80+$B12))="Iris-setosa",0,1)} -> 0 | H12: =IF(G12=P12, 1, 0) -> 1 | I12: =I11-$K$4*T11 -> 0.29119751 | J12: =J11-$K$4*U11 -> -0.44023925 | K12: =K11-$K$4*V11 -> -0.20173868 | L12: =L11-$K$4*W11 -> 0.40137391 | M12: =M11-$K$4*X11 -> 0.52215418 | N12: =I12+J12*C12+K12*D12+L12*E12+F12*M12 -> -1.7085972 | O12: =1/(1+EXP(-N12)) -> 0.15334575 | P12: =IF(O12>0.5,1,0) -> 0 | Q12: =O12-G12 -> 0.15334575 | R12: =Q12^2 -> 0.02351492 | T12: =2*(O12-G12)*(1-O12)*O12 -> 0.039818014 | U12: =2*(O12-G12)*(1-O12)*O12*C12 -> 0.19112647 | V12: =2*(O12-G12)*(1-O12)*O12*D12 -> 0.11945404 | W12: =2*(O12-G12)*(1-O12)*O12*E12 -> 0.05574522 | X12: =2*(O12-G12)*(1-O12)*O12*F12 -> 0.011945404
B13: 7 | C13: {=IF($B13<=10, INDEX(Data!$A:$A,40+$B13), INDEX(Data!$A:$A,80+$B13))} -> 5.1 | D13: {=IF($B13<=10, INDEX(Data!$B:$B,40+$B13), INDEX(Data!$B:$B,80+$B13))} -> 3.8 | E13: {=IF($B13<=10, INDEX(Data!$C:$C,40+$B13), INDEX(Data!$C:$C,80+$B13))} -> 1.6 | F13: {=IF($B13<=10, INDEX(Data!$D:$D,40+$B13), INDEX(Data!$D:$D,80+$B13))} -> 0.2 | G13: {=IF(INDEX(Data!$E:$E,IF($B13<=10,40+$B13,80+$B13))="Iris-setosa",0,1)} -> 0 | H13: =IF(G13=P13, 1, 0) -> 1 | I13: =I12-$K$4*T12 -> 0.28721571 | J13: =J12-$K$4*U12 -> -0.4593519 | K13: =K12-$K$4*V12 -> -0.21368408 | L13: =L12-$K$4*W12 -> 0.39579939 | M13: =M12-$K$4*X12 -> 0.52095964 | N13: =I13+J13*C13+K13*D13+L13*E13+F13*M13 -> -2.1300075 | O13: =1/(1+EXP(-N13)) -> 0.10621428 | P13: =IF(O13>0.5,1,0) -> 0 | Q13: =O13-G13 -> 0.10621428 | R13: =Q13^2 -> 0.011281473 | T13: =2*(O13-G13)*(1-O13)*O13 -> 0.020166438 | U13: =2*(O13-G13)*(1-O13)*O13*C13 -> 0.10284884 | V13: =2*(O13-G13)*(1-O13)*O13*D13 -> 0.076632466 | W13: =2*(O13-G13)*(1-O13)*O13*E13 -> 0.032266301 | X13: =2*(O13-G13)*(1-O13)*O13*F13 -> 0.0040332877
B14: 8 | C14: {=IF($B14<=10, INDEX(Data!$A:$A,40+$B14), INDEX(Data!$A:$A,80+$B14))} -> 4.6 | D14: {=IF($B14<=10, INDEX(Data!$B:$B,40+$B14), INDEX(Data!$B:$B,80+$B14))} -> 3.2 | E14: {=IF($B14<=10, INDEX(Data!$C:$C,40+$B14), INDEX(Data!$C:$C,80+$B14))} -> 1.4 | F14: {=IF($B14<=10, INDEX(Data!$D:$D,40+$B14), INDEX(Data!$D:$D,80+$B14))} -> 0.2 | G14: {=IF(INDEX(Data!$E:$E,IF($B14<=10,40+$B14,80+$B14))="Iris-setosa",0,1)} -> 0 | H14: =IF(G14=P14, 1, 0) -> 1 | I14: =I13-$K$4*T13 -> 0.28519907 | J14: =J13-$K$4*U13 -> -0.46963678 | K14: =K13-$K$4*V13 -> -0.22134733 | L14: =L13-$K$4*W13 -> 0.39257276 | M14: =M13-$K$4*X13 -> 0.52055631 | N14: =I14+J14*C14+K14*D14+L14*E14+F14*M14 -> -1.9297285 | O14: =1/(1+EXP(-N14)) -> 0.12678064 | P14: =IF(O14>0.5,1,0) -> 0 | Q14: =O14-G14 -> 0.12678064 | R14: =Q14^2 -> 0.016073331 | T14: =2*(O14-G14)*(1-O14)*O14 -> 0.028071087 | U14: =2*(O14-G14)*(1-O14)*O14*C14 -> 0.129127 | V14: =2*(O14-G14)*(1-O14)*O14*D14 -> 0.089827478 | W14: =2*(O14-G14)*(1-O14)*O14*E14 -> 0.039299521 | X14: =2*(O14-G14)*(1-O14)*O14*F14 -> 0.0056142174
B15: 9 | C15: {=IF($B15<=10, INDEX(Data!$A:$A,40+$B15), INDEX(Data!$A:$A,80+$B15))} -> 5.3 | D15: {=IF($B15<=10, INDEX(Data!$B:$B,40+$B15), INDEX(Data!$B:$B,80+$B15))} -> 3.7 | E15: {=IF($B15<=10, INDEX(Data!$C:$C,40+$B15), INDEX(Data!$C:$C,80+$B15))} -> 1.5 | F15: {=IF($B15<=10, INDEX(Data!$D:$D,40+$B15), INDEX(Data!$D:$D,80+$B15))} -> 0.2 | G15: {=IF(INDEX(Data!$E:$E,IF($B15<=10,40+$B15,80+$B15))="Iris-setosa",0,1)} -> 0 | H15: =IF(G15=P15, 1, 0) -> 1 | I15: =I14-$K$4*T14 -> 0.28239196 | J15: =J14-$K$4*U14 -> -0.48254948 | K15: =K14-$K$4*V14 -> -0.23033008 | L15: =L14-$K$4*W14 -> 0.38864281 | M15: =M14-$K$4*X14 -> 0.51999488 | N15: =I15+J15*C15+K15*D15+L15*E15+F15*M15 -> -2.4403784 | O15: =1/(1+EXP(-N15)) -> 0.080145012 | P15: =IF(O15>0.5,1,0) -> 0 | Q15: =O15-G15 -> 0.080145012 | R15: =Q15^2 -> 0.006423223 | T15: =2*(O15-G15)*(1-O15)*O15 -> 0.011816867 | U15: =2*(O15-G15)*(1-O15)*O15*C15 -> 0.062629398 | V15: =2*(O15-G15)*(1-O15)*O15*D15 -> 0.04372241 | W15: =2*(O15-G15)*(1-O15)*O15*E15 -> 0.017725301 | X15: =2*(O15-G15)*(1-O15)*O15*F15 -> 0.0023633735
B16: 10 | C16: {=IF($B16<=10, INDEX(Data!$A:$A,40+$B16), INDEX(Data!$A:$A,80+$B16))} -> 5 | D16: {=IF($B16<=10, INDEX(Data!$B:$B,40+$B16), INDEX(Data!$B:$B,80+$B16))} -> 3.3 | E16: {=IF($B16<=10, INDEX(Data!$C:$C,40+$B16), INDEX(Data!$C:$C,80+$B16))} -> 1.4 | F16: {=IF($B16<=10, INDEX(Data!$D:$D,40+$B16), INDEX(Data!$D:$D,80+$B16))} -> 0.2 | G16: {=IF(INDEX(Data!$E:$E,IF($B16<=10,40+$B16,80+$B16))="Iris-setosa",0,1)} -> 0 | H16: =IF(G16=P16, 1, 0) -> 1 | I16: =I15-$K$4*T15 -> 0.28121027 | J16: =J15-$K$4*U15 -> -0.48881242 | K16: =K15-$K$4*V15 -> -0.23470232 | L16: =L15-$K$4*W15 -> 0.38687028 | M16: =M15-$K$4*X15 -> 0.51975855 | N16: =I16+J16*C16+K16*D16+L16*E16+F16*M16 -> -2.2917994 | O16: =1/(1+EXP(-N16)) -> 0.091804414 | P16: =IF(O16>0.5,1,0) -> 0 | Q16: =O16-G16 -> 0.091804414 | R16: =Q16^2 -> 0.0084280504 | T16: =2*(O16-G16)*(1-O16)*O16 -> 0.015308636 | U16: =2*(O16-G16)*(1-O16)*O16*C16 -> 0.076543182 | V16: =2*(O16-G16)*(1-O16)*O16*D16 -> 0.0505185 | W16: =2*(O16-G16)*(1-O16)*O16*E16 -> 0.021432091 | X16: =2*(O16-G16)*(1-O16)*O16*F16 -> 0.0030617273
B17: 11 | C17: {=IF($B17<=10, INDEX(Data!$A:$A,40+$B17), INDEX(Data!$A:$A,80+$B17))} -> 5.5 | D17: {=IF($B17<=10, INDEX(Data!$B:$B,40+$B17), INDEX(Data!$B:$B,80+$B17))} -> 2.6 | E17: {=IF($B17<=10, INDEX(Data!$C:$C,40+$B17), INDEX(Data!$C:$C,80+$B17))} -> 4.4 | F17: {=IF($B17<=10, INDEX(Data!$D:$D,40+$B17), INDEX(Data!$D:$D,80+$B17))} -> 1.2 | G17: {=IF(INDEX(Data!$E:$E,IF($B17<=10,40+$B17,80+$B17))="Iris-setosa",0,1)} -> 1 | H17: =IF(G17=P17, 1, 0) -> 0 | I17: =I16-$K$4*T16 -> 0.27967941 | J17: =J16-$K$4*U16 -> -0.49646674 | K17: =K16-$K$4*V16 -> -0.23975417 | L17: =L16-$K$4*W16 -> 0.38472707 | M17: =M16-$K$4*X16 -> 0.51945237 | N17: =I17+J17*C17+K17*D17+L17*E17+F17*M17 -> -0.75810654 | O17: =1/(1+EXP(-N17)) -> 0.3190575 | P17: =IF(O17>0.5,1,0) -> 0 | Q17: =O17-G17 -> -0.6809425 | R17: =Q17^2 -> 0.46368269 | T17: =2*(O17-G17)*(1-O17)*O17 -> -0.29588288 | U17: =2*(O17-G17)*(1-O17)*O17*C17 -> -1.6273558 | V17: =2*(O17-G17)*(1-O17)*O17*D17 -> -0.76929548 | W17: =2*(O17-G17)*(1-O17)*O17*E17 -> -1.3018847 | X17: =2*(O17-G17)*(1-O17)*O17*F17 -> -0.35505945
B18: 12 | C18: {=IF($B18<=10, INDEX(Data!$A:$A,40+$B18), INDEX(Data!$A:$A,80+$B18))} -> 6.1 | D18: {=IF($B18<=10, INDEX(Data!$B:$B,40+$B18), INDEX(Data!$B:$B,80+$B18))} -> 3 | E18: {=IF($B18<=10, INDEX(Data!$C:$C,40+$B18), INDEX(Data!$C:$C,80+$B18))} -> 4.6 | F18: {=IF($B18<=10, INDEX(Data!$D:$D,40+$B18), INDEX(Data!$D:$D,80+$B18))} -> 1.4 | G18: {=IF(INDEX(Data!$E:$E,IF($B18<=10,40+$B18,80+$B18))="Iris-setosa",0,1)} -> 1 | H18: =IF(G18=P18, 1, 0) -> 1 | I18: =I17-$K$4*T17 -> 0.3092677 | J18: =J17-$K$4*U17 -> -0.33373116 | K18: =K17-$K$4*V17 -> -0.16282462 | L18: =L17-$K$4*W17 -> 0.51491553 | M18: =M17-$K$4*X17 -> 0.55495832 | N18: =I18+J18*C18+K18*D18+L18*E18+F18*M18 -> 0.93058689 | O18: =1/(1+EXP(-N18)) -> 0.71719434 | P18: =IF(O18>0.5,1,0) -> 1 | Q18: =O18-G18 -> -0.28280566 | R18: =Q18^2 -> 0.079979042 | T18: =2*(O18-G18)*(1-O18)*O18 -> -0.11472103 | U18: =2*(O18-G18)*(1-O18)*O18*C18 -> -0.6997983 | V18: =2*(O18-G18)*(1-O18)*O18*D18 -> -0.3441631 | W18: =2*(O18-G18)*(1-O18)*O18*E18 -> -0.52771675 | X18: =2*(O18-G18)*(1-O18)*O18*F18 -> -0.16060945
B19: 13 | C19: {=IF($B19<=10, INDEX(Data!$A:$A,40+$B19), INDEX(Data!$A:$A,80+$B19))} -> 5.8 | D19: {=IF($B19<=10, INDEX(Data!$B:$B,40+$B19), INDEX(Data!$B:$B,80+$B19))} -> 2.6 | E19: {=IF($B19<=10, INDEX(Data!$C:$C,40+$B19), INDEX(Data!$C:$C,80+$B19))} -> 4 | F19: {=IF($B19<=10, INDEX(Data!$D:$D,40+$B19), INDEX(Data!$D:$D,80+$B19))} -> 1.2 | G19: {=IF(INDEX(Data!$E:$E,IF($B19<=10,40+$B19,80+$B19))="Iris-setosa",0,1)} -> 1 | H19: =IF(G19=P19, 1, 0) -> 1 | I19: =I18-$K$4*T18 -> 0.3207398 | J19: =J18-$K$4*U18 -> -0.26375133 | K19: =K18-$K$4*V18 -> -0.12840831 | L19: =L18-$K$4*W18 -> 0.56768721 | M19: =M18-$K$4*X18 -> 0.57101926 | N19: =I19+J19*C19+K19*D19+L19*E19+F19*M19 -> 1.4130925 | O19: =1/(1+EXP(-N19)) -> 0.80425325 | P19: =IF(O19>0.5,1,0) -> 1 | Q19: =O19-G19 -> -0.19574675 | R19: =Q19^2 -> 0.038316791 | T19: =2*(O19-G19)*(1-O19)*O19 -> -0.061632807 | U19: =2*(O19-G19)*(1-O19)*O19*C19 -> -0.35747028 | V19: =2*(O19-G19)*(1-O19)*O19*D19 -> -0.1602453 | W19: =2*(O19-G19)*(1-O19)*O19*E19 -> -0.24653123 | X19: =2*(O19-G19)*(1-O19)*O19*F19 -> -0.073959369
... B25: 19 | C25: {=IF($B25<=10, INDEX(Data!$A:$A,40+$B25), INDEX(Data!$A:$A,80+$B25))} -> 5.1 | D25: {=IF($B25<=10, INDEX(Data!$B:$B,40+$B25), INDEX(Data!$B:$B,80+$B25))} -> 2.5 | E25: {=IF($B25<=10, INDEX(Data!$C:$C,40+$B25), INDEX(Data!$C:$C,80+$B25))} -> 3 | F25: {=IF($B25<=10, INDEX(Data!$D:$D,40+$B25), INDEX(Data!$D:$D,80+$B25))} -> 1.1 | G25: {=IF(INDEX(Data!$E:$E,IF($B25<=10,40+$B25,80+$B25))="Iris-setosa",0,1)} -> 1 | H25: =IF(G25=P25, 1, 0) -> 1 | I25: =I24-$K$4*T24 -> 0.33814504 | J25: =J24-$K$4*U24 -> -0.16755734 | K25: =K24-$K$4*V24 -> -0.083387157 | L25: =L24-$K$4*W24 -> 0.63448973 | M25: =M24-$K$4*X24 -> 0.5911431 | N25: =I25+J25*C25+K25*D25+L25*E25+F25*M25 -> 1.8288613 | O25: =1/(1+EXP(-N25)) -> 0.86162602 | P25: =IF(O25>0.5,1,0) -> 1 | Q25: =O25-G25 -> -0.13837398 | R25: =Q25^2 -> 0.019147358 | T25: =2*(O25-G25)*(1-O25)*O25 -> -0.032995723 | U25: =2*(O25-G25)*(1-O25)*O25*C25 -> -0.16827819 | V25: =2*(O25-G25)*(1-O25)*O25*D25 -> -0.082489309 | W25: =2*(O25-G25)*(1-O25)*O25*E25 -> -0.09898717 | X25: =2*(O25-G25)*(1-O25)*O25*F25 -> -0.036295296
B26: 20 | C26: {=IF($B26<=10, INDEX(Data!$A:$A,40+$B26), INDEX(Data!$A:$A,80+$B26))} -> 5.7 | D26: {=IF($B26<=10, INDEX(Data!$B:$B,40+$B26), INDEX(Data!$B:$B,80+$B26))} -> 2.8 | E26: {=IF($B26<=10, INDEX(Data!$C:$C,40+$B26), INDEX(Data!$C:$C,80+$B26))} -> 4.1 | F26: {=IF($B26<=10, INDEX(Data!$D:$D,40+$B26), INDEX(Data!$D:$D,80+$B26))} -> 1.3 | G26: {=IF(INDEX(Data!$E:$E,IF($B26<=10,40+$B26,80+$B26))="Iris-setosa",0,1)} -> 1 | H26: =IF(G26=P26, 1, 0) -> 1 | I26: =I25-$K$4*T25 -> 0.34144461 | J26: =J25-$K$4*U25 -> -0.15072952 | K26: =K25-$K$4*V25 -> -0.075138226 | L26: =L25-$K$4*W25 -> 0.64438845 | M26: =M25-$K$4*X25 -> 0.59477263 | N26: =I26+J26*C26+K26*D26+L26*E26+F26*M26 -> 2.6870964 | O26: =1/(1+EXP(-N26)) -> 0.93626092 | P26: =IF(O26>0.5,1,0) -> 1 | Q26: =O26-G26 -> -0.063739077 | R26: =Q26^2 -> 0.0040626699 | S26: =AVERAGE(R7:R26) -> 0.099677958 | T26: =2*(O26-G26)*(1-O26)*O26 -> -0.0076074382 | U26: =2*(O26-G26)*(1-O26)*O26*C26 -> -0.043362398 | V26: =2*(O26-G26)*(1-O26)*O26*D26 -> -0.021300827 | W26: =2*(O26-G26)*(1-O26)*O26*E26 -> -0.031190497 | X26: =2*(O26-G26)*(1-O26)*O26*F26 -> -0.0098896697
A27: epoch 2 | B27: 1 | C27: {=IF($B27<=10, INDEX(Data!$A:$A,40+$B27), INDEX(Data!$A:$A,80+$B27))} -> 5 | D27: {=IF($B27<=10, INDEX(Data!$B:$B,40+$B27), INDEX(Data!$B:$B,80+$B27))} -> 3.5 | E27: {=IF($B27<=10, INDEX(Data!$C:$C,40+$B27), INDEX(Data!$C:$C,80+$B27))} -> 1.3 | F27: {=IF($B27<=10, INDEX(Data!$D:$D,40+$B27), INDEX(Data!$D:$D,80+$B27))} -> 0.3 | G27: {=IF(INDEX(Data!$E:$E,IF($B27<=10,40+$B27,80+$B27))="Iris-setosa",0,1)} -> 0 | H27: =IF(G27=P27, 1, 0) -> 0 | I27: ='SLP-Training'!I164 -> 0.34221983 | J27: ='SLP-Training'!J164 -> -0.094583856 | K27: ='SLP-Training'!K164 -> -0.076789756 | L27: ='SLP-Training'!L164 -> 0.70621109 | M27: ='SLP-Training'!M164 -> 0.63611016 | N27: =I27+J27*C27+K27*D27+L27*E27+F27*M27 -> 0.70944387 | O27: =1/(1+EXP(-N27)) -> 0.67027826 | P27: =IF(O27>0.5,1,0) -> 1 | Q27: =O27-G27 -> 0.67027826 | R27: =Q27^2 -> 0.44927295 | T27: =2*(O27-G27)*(1-O27)*O27 -> 0.29627011 | U27: =2*(O27-G27)*(1-O27)*O27*C27 -> 1.4813506 | V27: =2*(O27-G27)*(1-O27)*O27*D27 -> 1.0369454 | W27: =2*(O27-G27)*(1-O27)*O27*E27 -> 0.38515115 | X27: =2*(O27-G27)*(1-O27)*O27*F27 -> 0.088881034
B28: 2 | C28: {=IF($B28<=10, INDEX(Data!$A:$A,40+$B28), INDEX(Data!$A:$A,80+$B28))} -> 4.5 | D28: {=IF($B28<=10, INDEX(Data!$B:$B,40+$B28), INDEX(Data!$B:$B,80+$B28))} -> 2.3 | E28: {=IF($B28<=10, INDEX(Data!$C:$C,40+$B28), INDEX(Data!$C:$C,80+$B28))} -> 1.3 | F28: {=IF($B28<=10, INDEX(Data!$D:$D,40+$B28), INDEX(Data!$D:$D,80+$B28))} -> 0.3 | G28: {=IF(INDEX(Data!$E:$E,IF($B28<=10,40+$B28,80+$B28))="Iris-setosa",0,1)} -> 0 | H28: =IF(G28=P28, 1, 0) -> 1 | I28: =I27-$K$4*T27 -> 0.31259282 | J28: =J27-$K$4*U27 -> -0.24271891 | K28: =K27-$K$4*V27 -> -0.1804843 | L28: =L27-$K$4*W27 -> 0.66769598 | M28: =M27-$K$4*X27 -> 0.62722206 | N28: =I28+J28*C28+K28*D28+L28*E28+F28*M28 -> -0.13858479 | O28: =1/(1+EXP(-N28)) -> 0.46540915 | P28: =IF(O28>0.5,1,0) -> 0 | Q28: =O28-G28 -> 0.46540915 | R28: =Q28^2 -> 0.21660567 | T28: =2*(O28-G28)*(1-O28)*O28 -> 0.23159082 | U28: =2*(O28-G28)*(1-O28)*O28*C28 -> 1.0421587 | V28: =2*(O28-G28)*(1-O28)*O28*D28 -> 0.5326589 | W28: =2*(O28-G28)*(1-O28)*O28*E28 -> 0.30106807 | X28: =2*(O28-G28)*(1-O28)*O28*F28 -> 0.069477247
B29: 3 | C29: {=IF($B29<=10, INDEX(Data!$A:$A,40+$B29), INDEX(Data!$A:$A,80+$B29))} -> 4.4 | D29: {=IF($B29<=10, INDEX(Data!$B:$B,40+$B29), INDEX(Data!$B:$B,80+$B29))} -> 3.2 | E29: {=IF($B29<=10, INDEX(Data!$C:$C,40+$B29), INDEX(Data!$C:$C,80+$B29))} -> 1.3 | F29: {=IF($B29<=10, INDEX(Data!$D:$D,40+$B29), INDEX(Data!$D:$D,80+$B29))} -> 0.2 | G29: {=IF(INDEX(Data!$E:$E,IF($B29<=10,40+$B29,80+$B29))="Iris-setosa",0,1)} -> 0 | H29: =IF(G29=P29, 1, 0) -> 1 | I29: =I28-$K$4*T28 -> 0.28943374 | J29: =J28-$K$4*U28 -> -0.34693478 | K29: =K28-$K$4*V28 -> -0.23375019 | L29: =L28-$K$4*W28 -> 0.63758917 | M29: =M28-$K$4*X28 -> 0.62027433 | N29: =I29+J29*C29+K29*D29+L29*E29+F29*M29 -> -1.0321591 | O29: =1/(1+EXP(-N29)) -> 0.26266573 | P29: =IF(O29>0.5,1,0) -> 0 | Q29: =O29-G29 -> 0.26266573 | R29: =Q29^2 -> 0.068993284 | T29: =2*(O29-G29)*(1-O29)*O29 -> 0.10174223 | U29: =2*(O29-G29)*(1-O29)*O29*C29 -> 0.4476658 | V29: =2*(O29-G29)*(1-O29)*O29*D29 -> 0.32557512 | W29: =2*(O29-G29)*(1-O29)*O29*E29 -> 0.13226489 | X29: =2*(O29-G29)*(1-O29)*O29*F29 -> 0.020348445
B30: 4 | C30: {=IF($B30<=10, INDEX(Data!$A:$A,40+$B30), INDEX(Data!$A:$A,80+$B30))} -> 5 | D30: {=IF($B30<=10, INDEX(Data!$B:$B,40+$B30), INDEX(Data!$B:$B,80+$B30))} -> 3.5 | E30: {=IF($B30<=10, INDEX(Data!$C:$C,40+$B30), INDEX(Data!$C:$C,80+$B30))} -> 1.6 | F30: {=IF($B30<=10, INDEX(Data!$D:$D,40+$B30), INDEX(Data!$D:$D,80+$B30))} -> 0.6 | G30: {=IF(INDEX(Data!$E:$E,IF($B30<=10,40+$B30,80+$B30))="Iris-setosa",0,1)} -> 0 | H30: =IF(G30=P30, 1, 0) -> 1 | I30: =I29-$K$4*T29 -> 0.27925952 | J30: =J29-$K$4*U29 -> -0.39170136 | K30: =K29-$K$4*V29 -> -0.2663077 | L30: =L29-$K$4*W29 -> 0.62436268 | M30: =M29-$K$4*X29 -> 0.61823949 | N30: =I30+J30*C30+K30*D30+L30*E30+F30*M30 -> -1.2414003 | O30: =1/(1+EXP(-N30)) -> 0.22419234 | P30: =IF(O30>0.5,1,0) -> 0 | Q30: =O30-G30 -> 0.22419234 | R30: =Q30^2 -> 0.050262207 | T30: =2*(O30-G30)*(1-O30)*O30 -> 0.077987609 | U30: =2*(O30-G30)*(1-O30)*O30*C30 -> 0.38993805 | V30: =2*(O30-G30)*(1-O30)*O30*D30 -> 0.27295663 | W30: =2*(O30-G30)*(1-O30)*O30*E30 -> 0.12478018 | X30: =2*(O30-G30)*(1-O30)*O30*F30 -> 0.046792566
B31: 5 | C31: {=IF($B31<=10, INDEX(Data!$A:$A,40+$B31), INDEX(Data!$A:$A,80+$B31))} -> 5.1 | D31: {=IF($B31<=10, INDEX(Data!$B:$B,40+$B31), INDEX(Data!$B:$B,80+$B31))} -> 3.8 | E31: {=IF($B31<=10, INDEX(Data!$C:$C,40+$B31), INDEX(Data!$C:$C,80+$B31))} -> 1.9 | F31: {=IF($B31<=10, INDEX(Data!$D:$D,40+$B31), INDEX(Data!$D:$D,80+$B31))} -> 0.4 | G31: {=IF(INDEX(Data!$E:$E,IF($B31<=10,40+$B31,80+$B31))="Iris-setosa",0,1)} -> 0 | H31: =IF(G31=P31, 1, 0) -> 1 | I31: =I30-$K$4*T30 -> 0.27146075 | J31: =J30-$K$4*U30 -> -0.43069517 | K31: =K30-$K$4*V30 -> -0.29360336 | L31: =L30-$K$4*W30 -> 0.61188466 | M31: =M30-$K$4*X30 -> 0.61356023 | N31: =I31+J31*C31+K31*D31+L31*E31+F31*M31 -> -1.6327724 | O31: =1/(1+EXP(-N31)) -> 0.16345092 | P31: =IF(O31>0.5,1,0) -> 0 | Q31: =O31-G31 -> 0.16345092 | R31: =Q31^2 -> 0.026716203 | T31: =2*(O31-G31)*(1-O31)*O31 -> 0.04469883 | U31: =2*(O31-G31)*(1-O31)*O31*C31 -> 0.22796404 | V31: =2*(O31-G31)*(1-O31)*O31*D31 -> 0.16985556 | W31: =2*(O31-G31)*(1-O31)*O31*E31 -> 0.084927778 | X31: =2*(O31-G31)*(1-O31)*O31*F31 -> 0.017879532
B32: 6 | C32: {=IF($B32<=10, INDEX(Data!$A:$A,40+$B32), INDEX(Data!$A:$A,80+$B32))} -> 4.8 | D32: {=IF($B32<=10, INDEX(Data!$B:$B,40+$B32), INDEX(Data!$B:$B,80+$B32))} -> 3 | E32: {=IF($B32<=10, INDEX(Data!$C:$C,40+$B32), INDEX(Data!$C:$C,80+$B32))} -> 1.4 | F32: {=IF($B32<=10, INDEX(Data!$D:$D,40+$B32), INDEX(Data!$D:$D,80+$B32))} -> 0.3 | G32: {=IF(INDEX(Data!$E:$E,IF($B32<=10,40+$B32,80+$B32))="Iris-setosa",0,1)} -> 0 | H32: =IF(G32=P32, 1, 0) -> 1 | I32: =I31-$K$4*T31 -> 0.26699087 | J32: =J31-$K$4*U31 -> -0.45349157 | K32: =K31-$K$4*V31 -> -0.31058892 | L32: =L31-$K$4*W31 -> 0.60339188 | M32: =M31-$K$4*X31 -> 0.61177228 | N32: =I32+J32*C32+K32*D32+L32*E32+F32*M32 -> -1.8132551 | O32: =1/(1+EXP(-N32)) -> 0.14024518 | P32: =IF(O32>0.5,1,0) -> 0 | Q32: =O32-G32 -> 0.14024518 | R32: =Q32^2 -> 0.01966871 | T32: =2*(O32-G32)*(1-O32)*O32 -> 0.033820536 | U32: =2*(O32-G32)*(1-O32)*O32*C32 -> 0.16233857 | V32: =2*(O32-G32)*(1-O32)*O32*D32 -> 0.10146161 | W32: =2*(O32-G32)*(1-O32)*O32*E32 -> 0.04734875 | X32: =2*(O32-G32)*(1-O32)*O32*F32 -> 0.010146161
B33: 7 | C33: {=IF($B33<=10, INDEX(Data!$A:$A,40+$B33), INDEX(Data!$A:$A,80+$B33))} -> 5.1 | D33: {=IF($B33<=10, INDEX(Data!$B:$B,40+$B33), INDEX(Data!$B:$B,80+$B33))} -> 3.8 | E33: {=IF($B33<=10, INDEX(Data!$C:$C,40+$B33), INDEX(Data!$C:$C,80+$B33))} -> 1.6 | F33: {=IF($B33<=10, INDEX(Data!$D:$D,40+$B33), INDEX(Data!$D:$D,80+$B33))} -> 0.2 | G33: {=IF(INDEX(Data!$E:$E,IF($B33<=10,40+$B33,80+$B33))="Iris-setosa",0,1)} -> 0 | H33: =IF(G33=P33, 1, 0) -> 1 | I33: =I32-$K$4*T32 -> 0.26360882 | J33: =J32-$K$4*U32 -> -0.46972543 | K33: =K32-$K$4*V32 -> -0.32073508 | L33: =L32-$K$4*W32 -> 0.59865701 | M33: =M32-$K$4*X32 -> 0.61075766 | N33: =I33+J33*C33+K33*D33+L33*E33+F33*M33 -> -2.2707814 | O33: =1/(1+EXP(-N33)) -> 0.093571914 | P33: =IF(O33>0.5,1,0) -> 0 | Q33: =O33-G33 -> 0.093571914 | R33: =Q33^2 -> 0.0087557031 | T33: =2*(O33-G33)*(1-O33)*O33 -> 0.01587283 | U33: =2*(O33-G33)*(1-O33)*O33*C33 -> 0.080951435 | V33: =2*(O33-G33)*(1-O33)*O33*D33 -> 0.060316755 | W33: =2*(O33-G33)*(1-O33)*O33*E33 -> 0.025396529 | X33: =2*(O33-G33)*(1-O33)*O33*F33 -> 0.0031745661
B34: 8 | C34: {=IF($B34<=10, INDEX(Data!$A:$A,40+$B34), INDEX(Data!$A:$A,80+$B34))} -> 4.6 | D34: {=IF($B34<=10, INDEX(Data!$B:$B,40+$B34), INDEX(Data!$B:$B,80+$B34))} -> 3.2 | E34: {=IF($B34<=10, INDEX(Data!$C:$C,40+$B34), INDEX(Data!$C:$C,80+$B34))} -> 1.4 | F34: {=IF($B34<=10, INDEX(Data!$D:$D,40+$B34), INDEX(Data!$D:$D,80+$B34))} -> 0.2 | G34: {=IF(INDEX(Data!$E:$E,IF($B34<=10,40+$B34,80+$B34))="Iris-setosa",0,1)} -> 0 | H34: =IF(G34=P34, 1, 0) -> 1 | I34: =I33-$K$4*T33 -> 0.26202153 | J34: =J33-$K$4*U33 -> -0.47782057 | K34: =K33-$K$4*V33 -> -0.32676675 | L34: =L33-$K$4*W33 -> 0.59611736 | M34: =M33-$K$4*X33 -> 0.61044021 | N34: =I34+J34*C34+K34*D34+L34*E34+F34*M34 -> -2.0249544 | O34: =1/(1+EXP(-N34)) -> 0.11660767 | P34: =IF(O34>0.5,1,0) -> 0 | Q34: =O34-G34 -> 0.11660767 | R34: =Q34^2 -> 0.013597349 | T34: =2*(O34-G34)*(1-O34)*O34 -> 0.024023587 | U34: =2*(O34-G34)*(1-O34)*O34*C34 -> 0.1105085 | V34: =2*(O34-G34)*(1-O34)*O34*D34 -> 0.076875478 | W34: =2*(O34-G34)*(1-O34)*O34*E34 -> 0.033633021 | X34: =2*(O34-G34)*(1-O34)*O34*F34 -> 0.0048047174
B35: 9 | C35: {=IF($B35<=10, INDEX(Data!$A:$A,40+$B35), INDEX(Data!$A:$A,80+$B35))} -> 5.3 | D35: {=IF($B35<=10, INDEX(Data!$B:$B,40+$B35), INDEX(Data!$B:$B,80+$B35))} -> 3.7 | E35: {=IF($B35<=10, INDEX(Data!$C:$C,40+$B35), INDEX(Data!$C:$C,80+$B35))} -> 1.5 | F35: {=IF($B35<=10, INDEX(Data!$D:$D,40+$B35), INDEX(Data!$D:$D,80+$B35))} -> 0.2 | G35: {=IF(INDEX(Data!$E:$E,IF($B35<=10,40+$B35,80+$B35))="Iris-setosa",0,1)} -> 0 | H35: =IF(G35=P35, 1, 0) -> 1 | I35: =I34-$K$4*T34 -> 0.25961918 | J35: =J34-$K$4*U34 -> -0.48887142 | K35: =K34-$K$4*V34 -> -0.3344543 | L35: =L34-$K$4*W34 -> 0.59275405 | M35: =M34-$K$4*X34 -> 0.60995974 | N35: =I35+J35*C35+K35*D35+L35*E35+F35*M35 -> -2.5577573 | O35: =1/(1+EXP(-N35)) -> 0.071907072 | P35: =IF(O35>0.5,1,0) -> 0 | Q35: =O35-G35 -> 0.071907072 | R35: =Q35^2 -> 0.005170627 | T35: =2*(O35-G35)*(1-O35)*O35 -> 0.0095976446 | U35: =2*(O35-G35)*(1-O35)*O35*C35 -> 0.050867516 | V35: =2*(O35-G35)*(1-O35)*O35*D35 -> 0.035511285 | W35: =2*(O35-G35)*(1-O35)*O35*E35 -> 0.014396467 | X35: =2*(O35-G35)*(1-O35)*O35*F35 -> 0.0019195289
B36: 10 | C36: {=IF($B36<=10, INDEX(Data!$A:$A,40+$B36), INDEX(Data!$A:$A,80+$B36))} -> 5 | D36: {=IF($B36<=10, INDEX(Data!$B:$B,40+$B36), INDEX(Data!$B:$B,80+$B36))} -> 3.3 | E36: {=IF($B36<=10, INDEX(Data!$C:$C,40+$B36), INDEX(Data!$C:$C,80+$B36))} -> 1.4 | F36: {=IF($B36<=10, INDEX(Data!$D:$D,40+$B36), INDEX(Data!$D:$D,80+$B36))} -> 0.2 | G36: {=IF(INDEX(Data!$E:$E,IF($B36<=10,40+$B36,80+$B36))="Iris-setosa",0,1)} -> 0 | H36: =IF(G36=P36, 1, 0) -> 1 | I36: =I35-$K$4*T35 -> 0.25865941 | J36: =J35-$K$4*U35 -> -0.49395817 | K36: =K35-$K$4*V35 -> -0.33800543 | L36: =L35-$K$4*W35 -> 0.59131441 | M36: =M35-$K$4*X35 -> 0.60976778 | N36: =I36+J36*C36+K36*D36+L36*E36+F36*M36 -> -2.3767557 | O36: =1/(1+EXP(-N36)) -> 0.084962454 | P36: =IF(O36>0.5,1,0) -> 0 | Q36: =O36-G36 -> 0.084962454 | R36: =Q36^2 -> 0.0072186186 | T36: =2*(O36-G36)*(1-O36)*O36 -> 0.013210614 | U36: =2*(O36-G36)*(1-O36)*O36*C36 -> 0.066053071 | V36: =2*(O36-G36)*(1-O36)*O36*D36 -> 0.043595027 | W36: =2*(O36-G36)*(1-O36)*O36*E36 -> 0.01849486 | X36: =2*(O36-G36)*(1-O36)*O36*F36 -> 0.0026421228
B37: 11 | C37: {=IF($B37<=10, INDEX(Data!$A:$A,40+$B37), INDEX(Data!$A:$A,80+$B37))} -> 5.5 | D37: {=IF($B37<=10, INDEX(Data!$B:$B,40+$B37), INDEX(Data!$B:$B,80+$B37))} -> 2.6 | E37: {=IF($B37<=10, INDEX(Data!$C:$C,40+$B37), INDEX(Data!$C:$C,80+$B37))} -> 4.4 | F37: {=IF($B37<=10, INDEX(Data!$D:$D,40+$B37), INDEX(Data!$D:$D,80+$B37))} -> 1.2 | G37: {=IF(INDEX(Data!$E:$E,IF($B37<=10,40+$B37,80+$B37))="Iris-setosa",0,1)} -> 1 | H37: =IF(G37=P37, 1, 0) -> 0 | I37: =I36-$K$4*T36 -> 0.25733835 | J37: =J36-$K$4*U36 -> -0.50056348 | K37: =K36-$K$4*V36 -> -0.34236493 | L37: =L36-$K$4*W36 -> 0.58946492 | M37: =M36-$K$4*X36 -> 0.60950357 | N37: =I37+J37*C37+K37*D37+L37*E37+F37*M37 -> -0.060859685 | O37: =1/(1+EXP(-N37)) -> 0.48478977 | P37: =IF(O37>0.5,1,0) -> 0 | Q37: =O37-G37 -> -0.51521023 | R37: =Q37^2 -> 0.26544158 | T37: =2*(O37-G37)*(1-O37)*O37 -> -0.25736672 | U37: =2*(O37-G37)*(1-O37)*O37*C37 -> -1.415517 | V37: =2*(O37-G37)*(1-O37)*O37*D37 -> -0.66915348 | W37: =2*(O37-G37)*(1-O37)*O37*E37 -> -1.1324136 | X37: =2*(O37-G37)*(1-O37)*O37*F37 -> -0.30884007
B38: 12 | C38: {=IF($B38<=10, INDEX(Data!$A:$A,40+$B38), INDEX(Data!$A:$A,80+$B38))} -> 6.1 | D38: {=IF($B38<=10, INDEX(Data!$B:$B,40+$B38), INDEX(Data!$B:$B,80+$B38))} -> 3 | E38: {=IF($B38<=10, INDEX(Data!$C:$C,40+$B38), INDEX(Data!$C:$C,80+$B38))} -> 4.6 | F38: {=IF($B38<=10, INDEX(Data!$D:$D,40+$B38), INDEX(Data!$D:$D,80+$B38))} -> 1.4 | G38: {=IF(INDEX(Data!$E:$E,IF($B38<=10,40+$B38,80+$B38))="Iris-setosa",0,1)} -> 1 | H38: =IF(G38=P38, 1, 0) -> 1 | I38: =I37-$K$4*T37 -> 0.28307502 | J38: =J37-$K$4*U37 -> -0.35901178 | K38: =K37-$K$4*V37 -> -0.27544958 | L38: =L37-$K$4*W37 -> 0.70270628 | M38: =M37-$K$4*X37 -> 0.64038758 | N38: =I38+J38*C38+K38*D38+L38*E38+F38*M38 -> 1.3957459 | O38: =1/(1+EXP(-N38)) -> 0.80150796 | P38: =IF(O38>0.5,1,0) -> 1 | Q38: =O38-G38 -> -0.19849204 | R38: =Q38^2 -> 0.039399091 | T38: =2*(O38-G38)*(1-O38)*O38 -> -0.06315737 | U38: =2*(O38-G38)*(1-O38)*O38*C38 -> -0.38525996 | V38: =2*(O38-G38)*(1-O38)*O38*D38 -> -0.18947211 | W38: =2*(O38-G38)*(1-O38)*O38*E38 -> -0.2905239 | X38: =2*(O38-G38)*(1-O38)*O38*F38 -> -0.088420318
B39: 13 | C39: {=IF($B39<=10, INDEX(Data!$A:$A,40+$B39), INDEX(Data!$A:$A,80+$B39))} -> 5.8 | D39: {=IF($B39<=10, INDEX(Data!$B:$B,40+$B39), INDEX(Data!$B:$B,80+$B39))} -> 2.6 | E39: {=IF($B39<=10, INDEX(Data!$C:$C,40+$B39), INDEX(Data!$C:$C,80+$B39))} -> 4 | F39: {=IF($B39<=10, INDEX(Data!$D:$D,40+$B39), INDEX(Data!$D:$D,80+$B39))} -> 1.2 | G39: {=IF(INDEX(Data!$E:$E,IF($B39<=10,40+$B39,80+$B39))="Iris-setosa",0,1)} -> 1 | H39: =IF(G39=P39, 1, 0) -> 1 | I39: =I38-$K$4*T38 -> 0.28939076 | J39: =J38-$K$4*U38 -> -0.32048579 | K39: =K38-$K$4*V38 -> -0.25650237 | L39: =L38-$K$4*W38 -> 0.73175867 | M39: =M38-$K$4*X38 -> 0.64922961 | N39: =I39+J39*C39+K39*D39+L39*E39+F39*M39 -> 1.4697772 | O39: =1/(1+EXP(-N39)) -> 0.81302352 | P39: =IF(O39>0.5,1,0) -> 1 | Q39: =O39-G39 -> -0.18697648 | R39: =Q39^2 -> 0.034960203 | T39: =2*(O39-G39)*(1-O39)*O39 -> -0.056846934 | U39: =2*(O39-G39)*(1-O39)*O39*C39 -> -0.32971222 | V39: =2*(O39-G39)*(1-O39)*O39*D39 -> -0.14780203 | W39: =2*(O39-G39)*(1-O39)*O39*E39 -> -0.22738774 | X39: =2*(O39-G39)*(1-O39)*O39*F39 -> -0.068216321
... B45: 19 | C45: {=IF($B45<=10, INDEX(Data!$A:$A,40+$B45), INDEX(Data!$A:$A,80+$B45))} -> 5.1 | D45: {=IF($B45<=10, INDEX(Data!$B:$B,40+$B45), INDEX(Data!$B:$B,80+$B45))} -> 2.5 | E45: {=IF($B45<=10, INDEX(Data!$C:$C,40+$B45), INDEX(Data!$C:$C,80+$B45))} -> 3 | F45: {=IF($B45<=10, INDEX(Data!$D:$D,40+$B45), INDEX(Data!$D:$D,80+$B45))} -> 1.1 | G45: {=IF(INDEX(Data!$E:$E,IF($B45<=10,40+$B45,80+$B45))="Iris-setosa",0,1)} -> 1 | H45: =IF(G45=P45, 1, 0) -> 1 | I45: =I44-$K$4*T44 -> 0.30613825 | J45: =J44-$K$4*U44 -> -0.22816296 | K45: =K44-$K$4*V44 -> -0.21328063 | L45: =L44-$K$4*W44 -> 0.7957866 | M45: =M44-$K$4*X44 -> 0.66851374 | N45: =I45+J45*C45+K45*D45+L45*E45+F45*M45 -> 1.7320305 | O45: =1/(1+EXP(-N45)) -> 0.84967196 | P45: =IF(O45>0.5,1,0) -> 1 | Q45: =O45-G45 -> -0.15032804 | R45: =Q45^2 -> 0.02259852 | T45: =2*(O45-G45)*(1-O45)*O45 -> -0.038402658 | U45: =2*(O45-G45)*(1-O45)*O45*C45 -> -0.19585355 | V45: =2*(O45-G45)*(1-O45)*O45*D45 -> -0.096006644 | W45: =2*(O45-G45)*(1-O45)*O45*E45 -> -0.11520797 | X45: =2*(O45-G45)*(1-O45)*O45*F45 -> -0.042242923
B46: 20 | C46: {=IF($B46<=10, INDEX(Data!$A:$A,40+$B46), INDEX(Data!$A:$A,80+$B46))} -> 5.7 | D46: {=IF($B46<=10, INDEX(Data!$B:$B,40+$B46), INDEX(Data!$B:$B,80+$B46))} -> 2.8 | E46: {=IF($B46<=10, INDEX(Data!$C:$C,40+$B46), INDEX(Data!$C:$C,80+$B46))} -> 4.1 | F46: {=IF($B46<=10, INDEX(Data!$D:$D,40+$B46), INDEX(Data!$D:$D,80+$B46))} -> 1.3 | G46: {=IF(INDEX(Data!$E:$E,IF($B46<=10,40+$B46,80+$B46))="Iris-setosa",0,1)} -> 1 | H46: =IF(G46=P46, 1, 0) -> 1 | I46: =I45-$K$4*T45 -> 0.30997852 | J46: =J45-$K$4*U45 -> -0.2085776 | K46: =K45-$K$4*V45 -> -0.20367997 | L46: =L45-$K$4*W45 -> 0.8073074 | M46: =M45-$K$4*X45 -> 0.67273803 | N46: =I46+J46*C46+K46*D46+L46*E46+F46*M46 -> 2.735302 | O46: =1/(1+EXP(-N46)) -> 0.93907788 | P46: =IF(O46>0.5,1,0) -> 1 | Q46: =O46-G46 -> -0.060922123 | R46: =Q46^2 -> 0.0037115051 | S46: =AVERAGE(R27:R46) -> 0.064850082 | T46: =2*(O46-G46)*(1-O46)*O46 -> -0.0069707846 | U46: =2*(O46-G46)*(1-O46)*O46*C46 -> -0.039733472 | V46: =2*(O46-G46)*(1-O46)*O46*D46 -> -0.019518197 | W46: =2*(O46-G46)*(1-O46)*O46*E46 -> -0.028580217 | X46: =2*(O46-G46)*(1-O46)*O46*F46 -> -0.0090620199
A47: epoch 3 | B47: 1 | C47: =IF($B47<=10, INDEX(Data!$A:$A,40+$B47), INDEX(Data!$A:$A,80+$B47)) -> 5 | D47: =IF($B47<=10, INDEX(Data!$B:$B,40+$B47), INDEX(Data!$B:$B,80+$B47)) -> 3.5 | E47: =IF($B47<=10, INDEX(Data!$C:$C,40+$B47), INDEX(Data!$C:$C,80+$B47)) -> 1.3 | F47: =IF($B47<=10, INDEX(Data!$D:$D,40+$B47), INDEX(Data!$D:$D,80+$B47)) -> 0.3 | G47: =IF(INDEX(Data!$E:$E,IF($B47<=10,40+$B47,80+$B47))="Iris-setosa",0,1) -> 0 | H47: =IF(G47=P47, 1, 0) -> 0 | I47: ='SLP-Training'!I244 -> 0.3101901 | J47: ='SLP-Training'!J244 -> -0.15352006 | K47: ='SLP-Training'!K244 -> -0.20435633 | L47: ='SLP-Training'!L244 -> 0.86479884 | M47: ='SLP-Training'!M244 -> 0.7090435 | N47: =I47+J47*C47+K47*D47+L47*E47+F47*M47 -> 0.1642942 | O47: =1/(1+EXP(-N47)) -> 0.54098141 | P47: =IF(O47>0.5,1,0) -> 1 | Q47: =O47-G47 -> 0.54098141 | R47: =Q47^2 -> 0.29266089 | T47: =2*(O47-G47)*(1-O47)*O47 -> 0.26867357 | U47: =2*(O47-G47)*(1-O47)*O47*C47 -> 1.3433679 | V47: =2*(O47-G47)*(1-O47)*O47*D47 -> 0.94035751 | W47: =2*(O47-G47)*(1-O47)*O47*E47 -> 0.34927565 | X47: =2*(O47-G47)*(1-O47)*O47*F47 -> 0.080602072
B48: 2 | C48: =IF($B48<=10, INDEX(Data!$A:$A,40+$B48), INDEX(Data!$A:$A,80+$B48)) -> 4.5 | D48: =IF($B48<=10, INDEX(Data!$B:$B,40+$B48), INDEX(Data!$B:$B,80+$B48)) -> 2.3 | E48: =IF($B48<=10, INDEX(Data!$C:$C,40+$B48), INDEX(Data!$C:$C,80+$B48)) -> 1.3 | F48: =IF($B48<=10, INDEX(Data!$D:$D,40+$B48), INDEX(Data!$D:$D,80+$B48)) -> 0.3 | G48: =IF(INDEX(Data!$E:$E,IF($B48<=10,40+$B48,80+$B48))="Iris-setosa",0,1) -> 0 | H48: =IF(G48=P48, 1, 0) -> 1 | I48: =I47-$K$4*T47 -> 0.28332274 | J48: =J47-$K$4*U47 -> -0.28785684 | K48: =K47-$K$4*V47 -> -0.29839208 | L48: =L47-$K$4*W47 -> 0.82987127 | M48: =M47-$K$4*X47 -> 0.70098329 | N48: =I48+J48*C48+K48*D48+L48*E48+F48*M48 -> -0.4092072 | O48: =1/(1+EXP(-N48)) -> 0.39910224 | P48: =IF(O48>0.5,1,0) -> 0 | Q48: =O48-G48 -> 0.39910224 | R48: =Q48^2 -> 0.15928259 | T48: =2*(O48-G48)*(1-O48)*O48 -> 0.19142511 | U48: =2*(O48-G48)*(1-O48)*O48*C48 -> 0.86141299 | V48: =2*(O48-G48)*(1-O48)*O48*D48 -> 0.44027775 | W48: =2*(O48-G48)*(1-O48)*O48*E48 -> 0.24885264 | X48: =2*(O48-G48)*(1-O48)*O48*F48 -> 0.057427533
B49: 3 | C49: =IF($B49<=10, INDEX(Data!$A:$A,40+$B49), INDEX(Data!$A:$A,80+$B49)) -> 4.4 | D49: =IF($B49<=10, INDEX(Data!$B:$B,40+$B49), INDEX(Data!$B:$B,80+$B49)) -> 3.2 | E49: =IF($B49<=10, INDEX(Data!$C:$C,40+$B49), INDEX(Data!$C:$C,80+$B49)) -> 1.3 | F49: =IF($B49<=10, INDEX(Data!$D:$D,40+$B49), INDEX(Data!$D:$D,80+$B49)) -> 0.2 | G49: =IF(INDEX(Data!$E:$E,IF($B49<=10,40+$B49,80+$B49))="Iris-setosa",0,1) -> 0 | H49: =IF(G49=P49, 1, 0) -> 1 | I49: =I48-$K$4*T48 -> 0.26418023 | J49: =J48-$K$4*U48 -> -0.37399814 | K49: =K48-$K$4*V48 -> -0.34241985 | L49: =L48-$K$4*W48 -> 0.80498601 | M49: =M48-$K$4*X48 -> 0.69524054 | N49: =I49+J49*C49+K49*D49+L49*E49+F49*M49 -> -1.2916252 | O49: =1/(1+EXP(-N49)) -> 0.21557785 | P49: =IF(O49>0.5,1,0) -> 0 | Q49: =O49-G49 -> 0.21557785 | R49: =Q49^2 -> 0.046473811 | T49: =2*(O49-G49)*(1-O49)*O49 -> 0.072910173 | U49: =2*(O49-G49)*(1-O49)*O49*C49 -> 0.32080476 | V49: =2*(O49-G49)*(1-O49)*O49*D49 -> 0.23331255 | W49: =2*(O49-G49)*(1-O49)*O49*E49 -> 0.094783225 | X49: =2*(O49-G49)*(1-O49)*O49*F49 -> 0.014582035
B50: 4 | C50: =IF($B50<=10, INDEX(Data!$A:$A,40+$B50), INDEX(Data!$A:$A,80+$B50)) -> 5 | D50: =IF($B50<=10, INDEX(Data!$B:$B,40+$B50), INDEX(Data!$B:$B,80+$B50)) -> 3.5 | E50: =IF($B50<=10, INDEX(Data!$C:$C,40+$B50), INDEX(Data!$C:$C,80+$B50)) -> 1.6 | F50: =IF($B50<=10, INDEX(Data!$D:$D,40+$B50), INDEX(Data!$D:$D,80+$B50)) -> 0.6 | G50: =IF(INDEX(Data!$E:$E,IF($B50<=10,40+$B50,80+$B50))="Iris-setosa",0,1) -> 0 | H50: =IF(G50=P50, 1, 0) -> 1 | I50: =I49-$K$4*T49 -> 0.25688921 | J50: =J49-$K$4*U49 -> -0.40607862 | K50: =K49-$K$4*V49 -> -0.36575111 | L50: =L49-$K$4*W49 -> 0.79550769 | M50: =M49-$K$4*X49 -> 0.69378233 | N50: =I50+J50*C50+K50*D50+L50*E50+F50*M50 -> -1.3645511 | O50: =1/(1+EXP(-N50)) -> 0.20350163 | P50: =IF(O50>0.5,1,0) -> 0 | Q50: =O50-G50 -> 0.20350163 | R50: =Q50^2 -> 0.041412913 | T50: =2*(O50-G50)*(1-O50)*O50 -> 0.065970636 | U50: =2*(O50-G50)*(1-O50)*O50*C50 -> 0.32985318 | V50: =2*(O50-G50)*(1-O50)*O50*D50 -> 0.23089723 | W50: =2*(O50-G50)*(1-O50)*O50*E50 -> 0.10555302 | X50: =2*(O50-G50)*(1-O50)*O50*F50 -> 0.039582382
B51: 5 | C51: =IF($B51<=10, INDEX(Data!$A:$A,40+$B51), INDEX(Data!$A:$A,80+$B51)) -> 5.1 | D51: =IF($B51<=10, INDEX(Data!$B:$B,40+$B51), INDEX(Data!$B:$B,80+$B51)) -> 3.8 | E51: =IF($B51<=10, INDEX(Data!$C:$C,40+$B51), INDEX(Data!$C:$C,80+$B51)) -> 1.9 | F51: =IF($B51<=10, INDEX(Data!$D:$D,40+$B51), INDEX(Data!$D:$D,80+$B51)) -> 0.4 | G51: =IF(INDEX(Data!$E:$E,IF($B51<=10,40+$B51,80+$B51))="Iris-setosa",0,1) -> 0 | H51: =IF(G51=P51, 1, 0) -> 1 | I51: =I50-$K$4*T50 -> 0.25029215 | J51: =J50-$K$4*U50 -> -0.43906394 | K51: =K50-$K$4*V50 -> -0.38884083 | L51: =L50-$K$4*W50 -> 0.78495239 | M51: =M50-$K$4*X50 -> 0.68982409 | N51: =I51+J51*C51+K51*D51+L51*E51+F51*M51 -> -1.6991899 | O51: =1/(1+EXP(-N51)) -> 0.1545711 | P51: =IF(O51>0.5,1,0) -> 0 | Q51: =O51-G51 -> 0.1545711 | R51: =Q51^2 -> 0.023892223 | T51: =2*(O51-G51)*(1-O51)*O51 -> 0.040398353 | U51: =2*(O51-G51)*(1-O51)*O51*C51 -> 0.2060316 | V51: =2*(O51-G51)*(1-O51)*O51*D51 -> 0.15351374 | W51: =2*(O51-G51)*(1-O51)*O51*E51 -> 0.07675687 | X51: =2*(O51-G51)*(1-O51)*O51*F51 -> 0.016159341
B52: 6 | C52: =IF($B52<=10, INDEX(Data!$A:$A,40+$B52), INDEX(Data!$A:$A,80+$B52)) -> 4.8 | D52: =IF($B52<=10, INDEX(Data!$B:$B,40+$B52), INDEX(Data!$B:$B,80+$B52)) -> 3 | E52: =IF($B52<=10, INDEX(Data!$C:$C,40+$B52), INDEX(Data!$C:$C,80+$B52)) -> 1.4 | F52: =IF($B52<=10, INDEX(Data!$D:$D,40+$B52), INDEX(Data!$D:$D,80+$B52)) -> 0.3 | G52: =IF(INDEX(Data!$E:$E,IF($B52<=10,40+$B52,80+$B52))="Iris-setosa",0,1) -> 0 | H52: =IF(G52=P52, 1, 0) -> 1 | I52: =I51-$K$4*T51 -> 0.24625231 | J52: =J51-$K$4*U51 -> -0.4596671 | K52: =K51-$K$4*V51 -> -0.40419221 | L52: =L51-$K$4*W51 -> 0.7772767 | M52: =M51-$K$4*X51 -> 0.68820816 | N52: =I52+J52*C52+K52*D52+L52*E52+F52*M52 -> -1.8780765 | O52: =1/(1+EXP(-N52)) -> 0.13260996 | P52: =IF(O52>0.5,1,0) -> 0 | Q52: =O52-G52 -> 0.13260996 | R52: =Q52^2 -> 0.017585402 | T52: =2*(O52-G52)*(1-O52)*O52 -> 0.030506805 | U52: =2*(O52-G52)*(1-O52)*O52*C52 -> 0.14643266 | V52: =2*(O52-G52)*(1-O52)*O52*D52 -> 0.091520415 | W52: =2*(O52-G52)*(1-O52)*O52*E52 -> 0.042709527 | X52: =2*(O52-G52)*(1-O52)*O52*F52 -> 0.0091520415
B53: 7 | C53: =IF($B53<=10, INDEX(Data!$A:$A,40+$B53), INDEX(Data!$A:$A,80+$B53)) -> 5.1 | D53: =IF($B53<=10, INDEX(Data!$B:$B,40+$B53), INDEX(Data!$B:$B,80+$B53)) -> 3.8 | E53: =IF($B53<=10, INDEX(Data!$C:$C,40+$B53), INDEX(Data!$C:$C,80+$B53)) -> 1.6 | F53: =IF($B53<=10, INDEX(Data!$D:$D,40+$B53), INDEX(Data!$D:$D,80+$B53)) -> 0.2 | G53: =IF(INDEX(Data!$E:$E,IF($B53<=10,40+$B53,80+$B53))="Iris-setosa",0,1) -> 0 | H53: =IF(G53=P53, 1, 0) -> 1 | I53: =I52-$K$4*T52 -> 0.24320163 | J53: =J52-$K$4*U52 -> -0.47431036 | K53: =K52-$K$4*V52 -> -0.41334425 | L53: =L52-$K$4*W52 -> 0.77300575 | M53: =M52-$K$4*X52 -> 0.68729296 | N53: =I53+J53*C53+K53*D53+L53*E53+F53*M53 -> -2.3722216 | O53: =1/(1+EXP(-N53)) -> 0.085315615 | P53: =IF(O53>0.5,1,0) -> 0 | Q53: =O53-G53 -> 0.085315615 | R53: =Q53^2 -> 0.0072787541 | T53: =2*(O53-G53)*(1-O53)*O53 -> 0.013315525 | U53: =2*(O53-G53)*(1-O53)*O53*C53 -> 0.06790918 | V53: =2*(O53-G53)*(1-O53)*O53*D53 -> 0.050598997 | W53: =2*(O53-G53)*(1-O53)*O53*E53 -> 0.021304841 | X53: =2*(O53-G53)*(1-O53)*O53*F53 -> 0.0026631051
B54: 8 | C54: =IF($B54<=10, INDEX(Data!$A:$A,40+$B54), INDEX(Data!$A:$A,80+$B54)) -> 4.6 | D54: =IF($B54<=10, INDEX(Data!$B:$B,40+$B54), INDEX(Data!$B:$B,80+$B54)) -> 3.2 | E54: =IF($B54<=10, INDEX(Data!$C:$C,40+$B54), INDEX(Data!$C:$C,80+$B54)) -> 1.4 | F54: =IF($B54<=10, INDEX(Data!$D:$D,40+$B54), INDEX(Data!$D:$D,80+$B54)) -> 0.2 | G54: =IF(INDEX(Data!$E:$E,IF($B54<=10,40+$B54,80+$B54))="Iris-setosa",0,1) -> 0 | H54: =IF(G54=P54, 1, 0) -> 1 | I54: =I53-$K$4*T53 -> 0.24187008 | J54: =J53-$K$4*U53 -> -0.48110128 | K54: =K53-$K$4*V53 -> -0.41840415 | L54: =L53-$K$4*W53 -> 0.77087526 | M54: =M53-$K$4*X53 -> 0.68702665 | N54: =I54+J54*C54+K54*D54+L54*E54+F54*M54 -> -2.0934584 | O54: =1/(1+EXP(-N54)) -> 0.10973426 | P54: =IF(O54>0.5,1,0) -> 0 | Q54: =O54-G54 -> 0.10973426 | R54: =Q54^2 -> 0.012041608 | T54: =2*(O54-G54)*(1-O54)*O54 -> 0.021440461 | U54: =2*(O54-G54)*(1-O54)*O54*C54 -> 0.098626122 | V54: =2*(O54-G54)*(1-O54)*O54*D54 -> 0.068609476 | W54: =2*(O54-G54)*(1-O54)*O54*E54 -> 0.030016646 | X54: =2*(O54-G54)*(1-O54)*O54*F54 -> 0.0042880923
B55: 9 | C55: =IF($B55<=10, INDEX(Data!$A:$A,40+$B55), INDEX(Data!$A:$A,80+$B55)) -> 5.3 | D55: =IF($B55<=10, INDEX(Data!$B:$B,40+$B55), INDEX(Data!$B:$B,80+$B55)) -> 3.7 | E55: =IF($B55<=10, INDEX(Data!$C:$C,40+$B55), INDEX(Data!$C:$C,80+$B55)) -> 1.5 | F55: =IF($B55<=10, INDEX(Data!$D:$D,40+$B55), INDEX(Data!$D:$D,80+$B55)) -> 0.2 | G55: =IF(INDEX(Data!$E:$E,IF($B55<=10,40+$B55,80+$B55))="Iris-setosa",0,1) -> 0 | H55: =IF(G55=P55, 1, 0) -> 1 | I55: =I54-$K$4*T54 -> 0.23972604 | J55: =J54-$K$4*U54 -> -0.49096389 | K55: =K54-$K$4*V54 -> -0.42526509 | L55: =L54-$K$4*W54 -> 0.7678736 | M55: =M54-$K$4*X54 -> 0.68659784 | N55: =I55+J55*C55+K55*D55+L55*E55+F55*M55 -> -2.6467335 | O55: =1/(1+EXP(-N55)) -> 0.066190625 | P55: =IF(O55>0.5,1,0) -> 0 | Q55: =O55-G55 -> 0.066190625 | R55: =Q55^2 -> 0.0043811988 | T55: =2*(O55-G55)*(1-O55)*O55 -> 0.008182409 | U55: =2*(O55-G55)*(1-O55)*O55*C55 -> 0.043366768 | V55: =2*(O55-G55)*(1-O55)*O55*D55 -> 0.030274913 | W55: =2*(O55-G55)*(1-O55)*O55*E55 -> 0.012273614 | X55: =2*(O55-G55)*(1-O55)*O55*F55 -> 0.0016364818
B56: 10 | C56: =IF($B56<=10, INDEX(Data!$A:$A,40+$B56), INDEX(Data!$A:$A,80+$B56)) -> 5 | D56: =IF($B56<=10, INDEX(Data!$B:$B,40+$B56), INDEX(Data!$B:$B,80+$B56)) -> 3.3 | E56: =IF($B56<=10, INDEX(Data!$C:$C,40+$B56), INDEX(Data!$C:$C,80+$B56)) -> 1.4 | F56: =IF($B56<=10, INDEX(Data!$D:$D,40+$B56), INDEX(Data!$D:$D,80+$B56)) -> 0.2 | G56: =IF(INDEX(Data!$E:$E,IF($B56<=10,40+$B56,80+$B56))="Iris-setosa",0,1) -> 0 | H56: =IF(G56=P56, 1, 0) -> 1 | I56: =I55-$K$4*T55 -> 0.23890779 | J56: =J55-$K$4*U55 -> -0.49530057 | K56: =K55-$K$4*V55 -> -0.42829259 | L56: =L55-$K$4*W55 -> 0.76664624 | M56: =M55-$K$4*X55 -> 0.68643419 | N56: =I56+J56*C56+K56*D56+L56*E56+F56*M56 -> -2.440369 | O56: =1/(1+EXP(-N56)) -> 0.080145702 | P56: =IF(O56>0.5,1,0) -> 0 | Q56: =O56-G56 -> 0.080145702 | R56: =Q56^2 -> 0.0064233336 | T56: =2*(O56-G56)*(1-O56)*O56 -> 0.011817062 | U56: =2*(O56-G56)*(1-O56)*O56*C56 -> 0.05908531 | V56: =2*(O56-G56)*(1-O56)*O56*D56 -> 0.038996305 | W56: =2*(O56-G56)*(1-O56)*O56*E56 -> 0.016543887 | X56: =2*(O56-G56)*(1-O56)*O56*F56 -> 0.0023634124
B57: 11 | C57: =IF($B57<=10, INDEX(Data!$A:$A,40+$B57), INDEX(Data!$A:$A,80+$B57)) -> 5.5 | D57: =IF($B57<=10, INDEX(Data!$B:$B,40+$B57), INDEX(Data!$B:$B,80+$B57)) -> 2.6 | E57: =IF($B57<=10, INDEX(Data!$C:$C,40+$B57), INDEX(Data!$C:$C,80+$B57)) -> 4.4 | F57: =IF($B57<=10, INDEX(Data!$D:$D,40+$B57), INDEX(Data!$D:$D,80+$B57)) -> 1.2 | G57: =IF(INDEX(Data!$E:$E,IF($B57<=10,40+$B57,80+$B57))="Iris-setosa",0,1) -> 1 | H57: =IF(G57=P57, 1, 0) -> 1 | I57: =I56-$K$4*T56 -> 0.23772609 | J57: =J56-$K$4*U56 -> -0.5012091 | K57: =K56-$K$4*V56 -> -0.43219222 | L57: =L56-$K$4*W56 -> 0.76499185 | M57: =M56-$K$4*X56 -> 0.68619785 | N57: =I57+J57*C57+K57*D57+L57*E57+F57*M57 -> 0.54677781 | O57: =1/(1+EXP(-N57)) -> 0.6333877 | P57: =IF(O57>0.5,1,0) -> 1 | Q57: =O57-G57 -> -0.3666123 | R57: =Q57^2 -> 0.13440458 | T57: =2*(O57-G57)*(1-O57)*O57 -> -0.17026042 | U57: =2*(O57-G57)*(1-O57)*O57*C57 -> -0.93643229 | V57: =2*(O57-G57)*(1-O57)*O57*D57 -> -0.44267708 | W57: =2*(O57-G57)*(1-O57)*O57*E57 -> -0.74914583 | X57: =2*(O57-G57)*(1-O57)*O57*F57 -> -0.2043125
B58: 12 | C58: =IF($B58<=10, INDEX(Data!$A:$A,40+$B58), INDEX(Data!$A:$A,80+$B58)) -> 6.1 | D58: =IF($B58<=10, INDEX(Data!$B:$B,40+$B58), INDEX(Data!$B:$B,80+$B58)) -> 3 | E58: =IF($B58<=10, INDEX(Data!$C:$C,40+$B58), INDEX(Data!$C:$C,80+$B58)) -> 4.6 | F58: =IF($B58<=10, INDEX(Data!$D:$D,40+$B58), INDEX(Data!$D:$D,80+$B58)) -> 1.4 | G58: =IF(INDEX(Data!$E:$E,IF($B58<=10,40+$B58,80+$B58))="Iris-setosa",0,1) -> 1 | H58: =IF(G58=P58, 1, 0) -> 1 | I58: =I57-$K$4*T57 -> 0.25475213 | J58: =J57-$K$4*U57 -> -0.40756587 | K58: =K57-$K$4*V57 -> -0.38792451 | L58: =L57-$K$4*W57 -> 0.83990643 | M58: =M57-$K$4*X57 -> 0.7066291 | N58: =I58+J58*C58+K58*D58+L58*E58+F58*M58 -> 1.4576771 | O58: =1/(1+EXP(-N58)) -> 0.81117714 | P58: =IF(O58>0.5,1,0) -> 1 | Q58: =O58-G58 -> -0.18882286 | R58: =Q58^2 -> 0.035654074 | T58: =2*(O58-G58)*(1-O58)*O58 -> -0.057843539 | U58: =2*(O58-G58)*(1-O58)*O58*C58 -> -0.35284559 | V58: =2*(O58-G58)*(1-O58)*O58*D58 -> -0.17353062 | W58: =2*(O58-G58)*(1-O58)*O58*E58 -> -0.26608028 | X58: =2*(O58-G58)*(1-O58)*O58*F58 -> -0.080980955
B59: 13 | C59: =IF($B59<=10, INDEX(Data!$A:$A,40+$B59), INDEX(Data!$A:$A,80+$B59)) -> 5.8 | D59: =IF($B59<=10, INDEX(Data!$B:$B,40+$B59), INDEX(Data!$B:$B,80+$B59)) -> 2.6 | E59: =IF($B59<=10, INDEX(Data!$C:$C,40+$B59), INDEX(Data!$C:$C,80+$B59)) -> 4 | F59: =IF($B59<=10, INDEX(Data!$D:$D,40+$B59), INDEX(Data!$D:$D,80+$B59)) -> 1.2 | G59: =IF(INDEX(Data!$E:$E,IF($B59<=10,40+$B59,80+$B59))="Iris-setosa",0,1) -> 1 | H59: =IF(G59=P59, 1, 0) -> 1 | I59: =I58-$K$4*T58 -> 0.26053648 | J59: =J58-$K$4*U58 -> -0.37228131 | K59: =K58-$K$4*V58 -> -0.37057145 | L59: =L58-$K$4*W58 -> 0.86651446 | M59: =M58-$K$4*X58 -> 0.71472719 | N59: =I59+J59*C59+K59*D59+L59*E59+F59*M59 -> 1.4615496 | O59: =1/(1+EXP(-N59)) -> 0.81176956 | P59: =IF(O59>0.5,1,0) -> 1 | Q59: =O59-G59 -> -0.18823044 | R59: =Q59^2 -> 0.035430697 | T59: =2*(O59-G59)*(1-O59)*O59 -> -0.057523124 | U59: =2*(O59-G59)*(1-O59)*O59*C59 -> -0.33363412 | V59: =2*(O59-G59)*(1-O59)*O59*D59 -> -0.14956012 | W59: =2*(O59-G59)*(1-O59)*O59*E59 -> -0.23009249 | X59: =2*(O59-G59)*(1-O59)*O59*F59 -> -0.069027748
... B65: 19 | C65: =IF($B65<=10, INDEX(Data!$A:$A,40+$B65), INDEX(Data!$A:$A,80+$B65)) -> 5.1 | D65: =IF($B65<=10, INDEX(Data!$B:$B,40+$B65), INDEX(Data!$B:$B,80+$B65)) -> 2.5 | E65: =IF($B65<=10, INDEX(Data!$C:$C,40+$B65), INDEX(Data!$C:$C,80+$B65)) -> 3 | F65: =IF($B65<=10, INDEX(Data!$D:$D,40+$B65), INDEX(Data!$D:$D,80+$B65)) -> 1.1 | G65: =IF(INDEX(Data!$E:$E,IF($B65<=10,40+$B65,80+$B65))="Iris-setosa",0,1) -> 1 | H65: =IF(G65=P65, 1, 0) -> 1 | I65: =I64-$K$4*T64 -> 0.27756354 | J65: =J64-$K$4*U64 -> -0.27856573 | K65: =K64-$K$4*V64 -> -0.3267246 | L65: =L64-$K$4*W64 -> 0.93142149 | M65: =M64-$K$4*X64 -> 0.73427194 | N65: =I65+J65*C65+K65*D65+L65*E65+F65*M65 -> 1.6420304 | O65: =1/(1+EXP(-N65)) -> 0.83781103 | P65: =IF(O65>0.5,1,0) -> 1 | Q65: =O65-G65 -> -0.16218897 | R65: =Q65^2 -> 0.026305263 | T65: =2*(O65-G65)*(1-O65)*O65 -> -0.044077679 | U65: =2*(O65-G65)*(1-O65)*O65*C65 -> -0.22479616 | V65: =2*(O65-G65)*(1-O65)*O65*D65 -> -0.1101942 | W65: =2*(O65-G65)*(1-O65)*O65*E65 -> -0.13223304 | X65: =2*(O65-G65)*(1-O65)*O65*F65 -> -0.048485446
B66: 20 | C66: =IF($B66<=10, INDEX(Data!$A:$A,40+$B66), INDEX(Data!$A:$A,80+$B66)) -> 5.7 | D66: =IF($B66<=10, INDEX(Data!$B:$B,40+$B66), INDEX(Data!$B:$B,80+$B66)) -> 2.8 | E66: =IF($B66<=10, INDEX(Data!$C:$C,40+$B66), INDEX(Data!$C:$C,80+$B66)) -> 4.1 | F66: =IF($B66<=10, INDEX(Data!$D:$D,40+$B66), INDEX(Data!$D:$D,80+$B66)) -> 1.3 | G66: =IF(INDEX(Data!$E:$E,IF($B66<=10,40+$B66,80+$B66))="Iris-setosa",0,1) -> 1 | H66: =IF(G66=P66, 1, 0) -> 1 | I66: =I65-$K$4*T65 -> 0.2819713 | J66: =J65-$K$4*U65 -> -0.25608611 | K66: =K65-$K$4*V65 -> -0.31570518 | L66: =L65-$K$4*W65 -> 0.94464479 | M66: =M65-$K$4*X65 -> 0.73912048 | N66: =I66+J66*C66+K66*D66+L66*E66+F66*M66 -> 2.7722062 | O66: =1/(1+EXP(-N66)) -> 0.94115529 | P66: =IF(O66>0.5,1,0) -> 1 | Q66: =O66-G66 -> -0.058844709 | R66: =Q66^2 -> 0.0034626998 | S66: =AVERAGE(R47:R66) -> 0.045647354 | T66: =2*(O66-G66)*(1-O66)*O66 -> -0.0065178764 | U66: =2*(O66-G66)*(1-O66)*O66*C66 -> -0.037151896 | V66: =2*(O66-G66)*(1-O66)*O66*D66 -> -0.018250054 | W66: =2*(O66-G66)*(1-O66)*O66*E66 -> -0.026723293 | X66: =2*(O66-G66)*(1-O66)*O66*F66 -> -0.0084732393
A67: epoch 4 | B67: 1 | C67: =IF($B67<=10, INDEX(Data!$A:$A,40+$B67), INDEX(Data!$A:$A,80+$B67)) -> 5 | D67: =IF($B67<=10, INDEX(Data!$B:$B,40+$B67), INDEX(Data!$B:$B,80+$B67)) -> 3.5 | E67: =IF($B67<=10, INDEX(Data!$C:$C,40+$B67), INDEX(Data!$C:$C,80+$B67)) -> 1.3 | F67: =IF($B67<=10, INDEX(Data!$D:$D,40+$B67), INDEX(Data!$D:$D,80+$B67)) -> 0.3 | G67: =IF(INDEX(Data!$E:$E,IF($B67<=10,40+$B67,80+$B67))="Iris-setosa",0,1) -> 0 | H67: =IF(G67=P67, 1, 0) -> 1 | I67: ='SLP-Training'!I324 -> 0.28206303 | J67: ='SLP-Training'!J324 -> -0.20301942 | K67: ='SLP-Training'!K324 -> -0.31867851 | L67: ='SLP-Training'!L324 -> 1.0016976 | M67: ='SLP-Training'!M324 -> 0.77051365 | N67: =I67+J67*C67+K67*D67+L67*E67+F67*M67 -> -0.31504783 | O67: =1/(1+EXP(-N67)) -> 0.4218831 | P67: =IF(O67>0.5,1,0) -> 0 | Q67: =O67-G67 -> 0.4218831 | R67: =Q67^2 -> 0.17798535 | T67: =2*(O67-G67)*(1-O67)*O67 -> 0.20579268 | U67: =2*(O67-G67)*(1-O67)*O67*C67 -> 1.0289634 | V67: =2*(O67-G67)*(1-O67)*O67*D67 -> 0.72027437 | W67: =2*(O67-G67)*(1-O67)*O67*E67 -> 0.26753048 | X67: =2*(O67-G67)*(1-O67)*O67*F67 -> 0.061737803
B68: 2 | C68: =IF($B68<=10, INDEX(Data!$A:$A,40+$B68), INDEX(Data!$A:$A,80+$B68)) -> 4.5 | D68: =IF($B68<=10, INDEX(Data!$B:$B,40+$B68), INDEX(Data!$B:$B,80+$B68)) -> 2.3 | E68: =IF($B68<=10, INDEX(Data!$C:$C,40+$B68), INDEX(Data!$C:$C,80+$B68)) -> 1.3 | F68: =IF($B68<=10, INDEX(Data!$D:$D,40+$B68), INDEX(Data!$D:$D,80+$B68)) -> 0.3 | G68: =IF(INDEX(Data!$E:$E,IF($B68<=10,40+$B68,80+$B68))="Iris-setosa",0,1) -> 0 | H68: =IF(G68=P68, 1, 0) -> 1 | I68: =I67-$K$4*T67 -> 0.26148376 | J68: =J67-$K$4*U67 -> -0.30591576 | K68: =K67-$K$4*V67 -> -0.39070595 | L68: =L67-$K$4*W67 -> 0.97494459 | M68: =M67-$K$4*X67 -> 0.76433987 | N68: =I68+J68*C68+K68*D68+L68*E68+F68*M68 -> -0.51703091 | O68: =1/(1+EXP(-N68)) -> 0.37354677 | P68: =IF(O68>0.5,1,0) -> 0 | Q68: =O68-G68 -> 0.37354677 | R68: =Q68^2 -> 0.13953719 | T68: =2*(O68-G68)*(1-O68)*O68 -> 0.17482704 | U68: =2*(O68-G68)*(1-O68)*O68*C68 -> 0.7867217 | V68: =2*(O68-G68)*(1-O68)*O68*D68 -> 0.4021022 | W68: =2*(O68-G68)*(1-O68)*O68*E68 -> 0.22727516 | X68: =2*(O68-G68)*(1-O68)*O68*F68 -> 0.052448113
B69: 3 | C69: =IF($B69<=10, INDEX(Data!$A:$A,40+$B69), INDEX(Data!$A:$A,80+$B69)) -> 4.4 | D69: =IF($B69<=10, INDEX(Data!$B:$B,40+$B69), INDEX(Data!$B:$B,80+$B69)) -> 3.2 | E69: =IF($B69<=10, INDEX(Data!$C:$C,40+$B69), INDEX(Data!$C:$C,80+$B69)) -> 1.3 | F69: =IF($B69<=10, INDEX(Data!$D:$D,40+$B69), INDEX(Data!$D:$D,80+$B69)) -> 0.2 | G69: =IF(INDEX(Data!$E:$E,IF($B69<=10,40+$B69,80+$B69))="Iris-setosa",0,1) -> 0 | H69: =IF(G69=P69, 1, 0) -> 1 | I69: =I68-$K$4*T68 -> 0.24400106 | J69: =J68-$K$4*U68 -> -0.38458793 | K69: =K68-$K$4*V68 -> -0.43091617 | L69: =L68-$K$4*W68 -> 0.95221708 | M69: =M68-$K$4*X68 -> 0.75909506 | N69: =I69+J69*C69+K69*D69+L69*E69+F69*M69 -> -1.4374164 | O69: =1/(1+EXP(-N69)) -> 0.19194576 | P69: =IF(O69>0.5,1,0) -> 0 | Q69: =O69-G69 -> 0.19194576 | R69: =Q69^2 -> 0.036843174 | T69: =2*(O69-G69)*(1-O69)*O69 -> 0.059542567 | U69: =2*(O69-G69)*(1-O69)*O69*C69 -> 0.26198729 | V69: =2*(O69-G69)*(1-O69)*O69*D69 -> 0.19053621 | W69: =2*(O69-G69)*(1-O69)*O69*E69 -> 0.077405336 | X69: =2*(O69-G69)*(1-O69)*O69*F69 -> 0.011908513
B70: 4 | C70: =IF($B70<=10, INDEX(Data!$A:$A,40+$B70), INDEX(Data!$A:$A,80+$B70)) -> 5 | D70: =IF($B70<=10, INDEX(Data!$B:$B,40+$B70), INDEX(Data!$B:$B,80+$B70)) -> 3.5 | E70: =IF($B70<=10, INDEX(Data!$C:$C,40+$B70), INDEX(Data!$C:$C,80+$B70)) -> 1.6 | F70: =IF($B70<=10, INDEX(Data!$D:$D,40+$B70), INDEX(Data!$D:$D,80+$B70)) -> 0.6 | G70: =IF(INDEX(Data!$E:$E,IF($B70<=10,40+$B70,80+$B70))="Iris-setosa",0,1) -> 0 | H70: =IF(G70=P70, 1, 0) -> 1 | I70: =I69-$K$4*T69 -> 0.2380468 | J70: =J69-$K$4*U69 -> -0.41078666 | K70: =K69-$K$4*V69 -> -0.44996979 | L70: =L69-$K$4*W69 -> 0.94447654 | M70: =M69-$K$4*X69 -> 0.75790421 | N70: =I70+J70*C70+K70*D70+L70*E70+F70*M70 -> -1.4248758 | O70: =1/(1+EXP(-N70)) -> 0.19389836 | P70: =IF(O70>0.5,1,0) -> 0 | Q70: =O70-G70 -> 0.19389836 | R70: =Q70^2 -> 0.037596572 | T70: =2*(O70-G70)*(1-O70)*O70 -> 0.060613317 | U70: =2*(O70-G70)*(1-O70)*O70*C70 -> 0.30306659 | V70: =2*(O70-G70)*(1-O70)*O70*D70 -> 0.21214661 | W70: =2*(O70-G70)*(1-O70)*O70*E70 -> 0.096981308 | X70: =2*(O70-G70)*(1-O70)*O70*F70 -> 0.03636799
B71: 5 | C71: =IF($B71<=10, INDEX(Data!$A:$A,40+$B71), INDEX(Data!$A:$A,80+$B71)) -> 5.1 | D71: =IF($B71<=10, INDEX(Data!$B:$B,40+$B71), INDEX(Data!$B:$B,80+$B71)) -> 3.8 | E71: =IF($B71<=10, INDEX(Data!$C:$C,40+$B71), INDEX(Data!$C:$C,80+$B71)) -> 1.9 | F71: =IF($B71<=10, INDEX(Data!$D:$D,40+$B71), INDEX(Data!$D:$D,80+$B71)) -> 0.4 | G71: =IF(INDEX(Data!$E:$E,IF($B71<=10,40+$B71,80+$B71))="Iris-setosa",0,1) -> 0 | H71: =IF(G71=P71, 1, 0) -> 1 | I71: =I70-$K$4*T70 -> 0.23198547 | J71: =J70-$K$4*U70 -> -0.44109332 | K71: =K70-$K$4*V70 -> -0.47118445 | L71: =L70-$K$4*W70 -> 0.93477841 | M71: =M70-$K$4*X70 -> 0.75426741 | N71: =I71+J71*C71+K71*D71+L71*E71+F71*M71 -> -1.7303054 | O71: =1/(1+EXP(-N71)) -> 0.15054852 | P71: =IF(O71>0.5,1,0) -> 0 | Q71: =O71-G71 -> 0.15054852 | R71: =Q71^2 -> 0.022664856 | T71: =2*(O71-G71)*(1-O71)*O71 -> 0.038505391 | U71: =2*(O71-G71)*(1-O71)*O71*C71 -> 0.1963775 | V71: =2*(O71-G71)*(1-O71)*O71*D71 -> 0.14632049 | W71: =2*(O71-G71)*(1-O71)*O71*E71 -> 0.073160244 | X71: =2*(O71-G71)*(1-O71)*O71*F71 -> 0.015402157
B72: 6 | C72: =IF($B72<=10, INDEX(Data!$A:$A,40+$B72), INDEX(Data!$A:$A,80+$B72)) -> 4.8 | D72: =IF($B72<=10, INDEX(Data!$B:$B,40+$B72), INDEX(Data!$B:$B,80+$B72)) -> 3 | E72: =IF($B72<=10, INDEX(Data!$C:$C,40+$B72), INDEX(Data!$C:$C,80+$B72)) -> 1.4 | F72: =IF($B72<=10, INDEX(Data!$D:$D,40+$B72), INDEX(Data!$D:$D,80+$B72)) -> 0.3 | G72: =IF(INDEX(Data!$E:$E,IF($B72<=10,40+$B72,80+$B72))="Iris-setosa",0,1) -> 0 | H72: =IF(G72=P72, 1, 0) -> 1 | I72: =I71-$K$4*T71 -> 0.22813493 | J72: =J71-$K$4*U71 -> -0.46073107 | K72: =K71-$K$4*V71 -> -0.4858165 | L72: =L71-$K$4*W71 -> 0.92746239 | M72: =M71-$K$4*X71 -> 0.75272719 | N72: =I72+J72*C72+K72*D72+L72*E72+F72*M72 -> -1.9165582 | O72: =1/(1+EXP(-N72)) -> 0.12824586 | P72: =IF(O72>0.5,1,0) -> 0 | Q72: =O72-G72 -> 0.12824586 | R72: =Q72^2 -> 0.016447002 | T72: =2*(O72-G72)*(1-O72)*O72 -> 0.028675484 | U72: =2*(O72-G72)*(1-O72)*O72*C72 -> 0.13764232 | V72: =2*(O72-G72)*(1-O72)*O72*D72 -> 0.086026451 | W72: =2*(O72-G72)*(1-O72)*O72*E72 -> 0.040145677 | X72: =2*(O72-G72)*(1-O72)*O72*F72 -> 0.0086026451
B73: 7 | C73: =IF($B73<=10, INDEX(Data!$A:$A,40+$B73), INDEX(Data!$A:$A,80+$B73)) -> 5.1 | D73: =IF($B73<=10, INDEX(Data!$B:$B,40+$B73), INDEX(Data!$B:$B,80+$B73)) -> 3.8 | E73: =IF($B73<=10, INDEX(Data!$C:$C,40+$B73), INDEX(Data!$C:$C,80+$B73)) -> 1.6 | F73: =IF($B73<=10, INDEX(Data!$D:$D,40+$B73), INDEX(Data!$D:$D,80+$B73)) -> 0.2 | G73: =IF(INDEX(Data!$E:$E,IF($B73<=10,40+$B73,80+$B73))="Iris-setosa",0,1) -> 0 | H73: =IF(G73=P73, 1, 0) -> 1 | I73: =I72-$K$4*T72 -> 0.22526738 | J73: =J72-$K$4*U72 -> -0.4744953 | K73: =K72-$K$4*V72 -> -0.49441914 | L73: =L72-$K$4*W72 -> 0.92344782 | M73: =M72-$K$4*X72 -> 0.75186693 | N73: =I73+J73*C73+K73*D73+L73*E73+F73*M73 -> -2.4455615 | O73: =1/(1+EXP(-N73)) -> 0.079763735 | P73: =IF(O73>0.5,1,0) -> 0 | Q73: =O73-G73 -> 0.079763735 | R73: =Q73^2 -> 0.0063622534 | T73: =2*(O73-G73)*(1-O73)*O73 -> 0.011709553 | U73: =2*(O73-G73)*(1-O73)*O73*C73 -> 0.059718718 | V73: =2*(O73-G73)*(1-O73)*O73*D73 -> 0.0444963 | W73: =2*(O73-G73)*(1-O73)*O73*E73 -> 0.018735284 | X73: =2*(O73-G73)*(1-O73)*O73*F73 -> 0.0023419105
B74: 8 | C74: =IF($B74<=10, INDEX(Data!$A:$A,40+$B74), INDEX(Data!$A:$A,80+$B74)) -> 4.6 | D74: =IF($B74<=10, INDEX(Data!$B:$B,40+$B74), INDEX(Data!$B:$B,80+$B74)) -> 3.2 | E74: =IF($B74<=10, INDEX(Data!$C:$C,40+$B74), INDEX(Data!$C:$C,80+$B74)) -> 1.4 | F74: =IF($B74<=10, INDEX(Data!$D:$D,40+$B74), INDEX(Data!$D:$D,80+$B74)) -> 0.2 | G74: =IF(INDEX(Data!$E:$E,IF($B74<=10,40+$B74,80+$B74))="Iris-setosa",0,1) -> 0 | H74: =IF(G74=P74, 1, 0) -> 1 | I74: =I73-$K$4*T73 -> 0.22409643 | J74: =J73-$K$4*U73 -> -0.48046717 | K74: =K73-$K$4*V73 -> -0.49886877 | L74: =L73-$K$4*W73 -> 0.92157429 | M74: =M73-$K$4*X73 -> 0.75163274 | N74: =I74+J74*C74+K74*D74+L74*E74+F74*M74 -> -2.1419021 | O74: =1/(1+EXP(-N74)) -> 0.10509037 | P74: =IF(O74>0.5,1,0) -> 0 | Q74: =O74-G74 -> 0.10509037 | R74: =Q74^2 -> 0.011043986 | T74: =2*(O74-G74)*(1-O74)*O74 -> 0.019766739 | U74: =2*(O74-G74)*(1-O74)*O74*C74 -> 0.090926999 | V74: =2*(O74-G74)*(1-O74)*O74*D74 -> 0.063253565 | W74: =2*(O74-G74)*(1-O74)*O74*E74 -> 0.027673435 | X74: =2*(O74-G74)*(1-O74)*O74*F74 -> 0.0039533478
B75: 9 | C75: =IF($B75<=10, INDEX(Data!$A:$A,40+$B75), INDEX(Data!$A:$A,80+$B75)) -> 5.3 | D75: =IF($B75<=10, INDEX(Data!$B:$B,40+$B75), INDEX(Data!$B:$B,80+$B75)) -> 3.7 | E75: =IF($B75<=10, INDEX(Data!$C:$C,40+$B75), INDEX(Data!$C:$C,80+$B75)) -> 1.5 | F75: =IF($B75<=10, INDEX(Data!$D:$D,40+$B75), INDEX(Data!$D:$D,80+$B75)) -> 0.2 | G75: =IF(INDEX(Data!$E:$E,IF($B75<=10,40+$B75,80+$B75))="Iris-setosa",0,1) -> 0 | H75: =IF(G75=P75, 1, 0) -> 1 | I75: =I74-$K$4*T74 -> 0.22211975 | J75: =J74-$K$4*U74 -> -0.48955987 | K75: =K74-$K$4*V74 -> -0.50519413 | L75: =L74-$K$4*W74 -> 0.91880695 | M75: =M74-$K$4*X74 -> 0.7512374 | N75: =I75+J75*C75+K75*D75+L75*E75+F75*M75 -> -2.7133079 | O75: =1/(1+EXP(-N75)) -> 0.062192637 | P75: =IF(O75>0.5,1,0) -> 0 | Q75: =O75-G75 -> 0.062192637 | R75: =Q75^2 -> 0.0038679241 | T75: =2*(O75-G75)*(1-O75)*O75 -> 0.0072547353 | U75: =2*(O75-G75)*(1-O75)*O75*C75 -> 0.038450097 | V75: =2*(O75-G75)*(1-O75)*O75*D75 -> 0.026842521 | W75: =2*(O75-G75)*(1-O75)*O75*E75 -> 0.010882103 | X75: =2*(O75-G75)*(1-O75)*O75*F75 -> 0.0014509471
B76: 10 | C76: =IF($B76<=10, INDEX(Data!$A:$A,40+$B76), INDEX(Data!$A:$A,80+$B76)) -> 5 | D76: =IF($B76<=10, INDEX(Data!$B:$B,40+$B76), INDEX(Data!$B:$B,80+$B76)) -> 3.3 | E76: =IF($B76<=10, INDEX(Data!$C:$C,40+$B76), INDEX(Data!$C:$C,80+$B76)) -> 1.4 | F76: =IF($B76<=10, INDEX(Data!$D:$D,40+$B76), INDEX(Data!$D:$D,80+$B76)) -> 0.2 | G76: =IF(INDEX(Data!$E:$E,IF($B76<=10,40+$B76,80+$B76))="Iris-setosa",0,1) -> 0 | H76: =IF(G76=P76, 1, 0) -> 1 | I76: =I75-$K$4*T75 -> 0.22139428 | J76: =J75-$K$4*U75 -> -0.49340488 | K76: =K75-$K$4*V75 -> -0.50787838 | L76: =L75-$K$4*W75 -> 0.91771874 | M76: =M75-$K$4*X75 -> 0.75109231 | N76: =I76+J76*C76+K76*D76+L76*E76+F76*M76 -> -2.4866041 | O76: =1/(1+EXP(-N76)) -> 0.076802635 | P76: =IF(O76>0.5,1,0) -> 0 | Q76: =O76-G76 -> 0.076802635 | R76: =Q76^2 -> 0.0058986447 | T76: =2*(O76-G76)*(1-O76)*O76 -> 0.010891227 | U76: =2*(O76-G76)*(1-O76)*O76*C76 -> 0.054456133 | V76: =2*(O76-G76)*(1-O76)*O76*D76 -> 0.035941047 | W76: =2*(O76-G76)*(1-O76)*O76*E76 -> 0.015247717 | X76: =2*(O76-G76)*(1-O76)*O76*F76 -> 0.0021782453
B77: 11 | C77: =IF($B77<=10, INDEX(Data!$A:$A,40+$B77), INDEX(Data!$A:$A,80+$B77)) -> 5.5 | D77: =IF($B77<=10, INDEX(Data!$B:$B,40+$B77), INDEX(Data!$B:$B,80+$B77)) -> 2.6 | E77: =IF($B77<=10, INDEX(Data!$C:$C,40+$B77), INDEX(Data!$C:$C,80+$B77)) -> 4.4 | F77: =IF($B77<=10, INDEX(Data!$D:$D,40+$B77), INDEX(Data!$D:$D,80+$B77)) -> 1.2 | G77: =IF(INDEX(Data!$E:$E,IF($B77<=10,40+$B77,80+$B77))="Iris-setosa",0,1) -> 1 | H77: =IF(G77=P77, 1, 0) -> 1 | I77: =I76-$K$4*T76 -> 0.22030516 | J77: =J76-$K$4*U76 -> -0.4988505 | K77: =K76-$K$4*V76 -> -0.51147249 | L77: =L76-$K$4*W76 -> 0.91619397 | M77: =M76-$K$4*X76 -> 0.75087448 | N77: =I77+J77*C77+K77*D77+L77*E77+F77*M77 -> 1.0791018 | O77: =1/(1+EXP(-N77)) -> 0.74632397 | P77: =IF(O77>0.5,1,0) -> 1 | Q77: =O77-G77 -> -0.25367603 | R77: =Q77^2 -> 0.064351529 | T77: =2*(O77-G77)*(1-O77)*O77 -> -0.096054177 | U77: =2*(O77-G77)*(1-O77)*O77*C77 -> -0.52829797 | V77: =2*(O77-G77)*(1-O77)*O77*D77 -> -0.24974086 | W77: =2*(O77-G77)*(1-O77)*O77*E77 -> -0.42263838 | X77: =2*(O77-G77)*(1-O77)*O77*F77 -> -0.11526501
B78: 12 | C78: =IF($B78<=10, INDEX(Data!$A:$A,40+$B78), INDEX(Data!$A:$A,80+$B78)) -> 6.1 | D78: =IF($B78<=10, INDEX(Data!$B:$B,40+$B78), INDEX(Data!$B:$B,80+$B78)) -> 3 | E78: =IF($B78<=10, INDEX(Data!$C:$C,40+$B78), INDEX(Data!$C:$C,80+$B78)) -> 4.6 | F78: =IF($B78<=10, INDEX(Data!$D:$D,40+$B78), INDEX(Data!$D:$D,80+$B78)) -> 1.4 | G78: =IF(INDEX(Data!$E:$E,IF($B78<=10,40+$B78,80+$B78))="Iris-setosa",0,1) -> 1 | H78: =IF(G78=P78, 1, 0) -> 1 | I78: =I77-$K$4*T77 -> 0.22991057 | J78: =J77-$K$4*U77 -> -0.4460207 | K78: =K77-$K$4*V77 -> -0.4864984 | L78: =L77-$K$4*W77 -> 0.9584578 | M78: =M77-$K$4*X77 -> 0.76240098 | N78: =I78+J78*C78+K78*D78+L78*E78+F78*M78 -> 1.5259564 | O78: =1/(1+EXP(-N78)) -> 0.82141391 | P78: =IF(O78>0.5,1,0) -> 1 | Q78: =O78-G78 -> -0.17858609 | R78: =Q78^2 -> 0.03189299 | T78: =2*(O78-G78)*(1-O78)*O78 -> -0.052394691 | U78: =2*(O78-G78)*(1-O78)*O78*C78 -> -0.31960762 | V78: =2*(O78-G78)*(1-O78)*O78*D78 -> -0.15718407 | W78: =2*(O78-G78)*(1-O78)*O78*E78 -> -0.24101558 | X78: =2*(O78-G78)*(1-O78)*O78*F78 -> -0.073352568
B79: 13 | C79: =IF($B79<=10, INDEX(Data!$A:$A,40+$B79), INDEX(Data!$A:$A,80+$B79)) -> 5.8 | D79: =IF($B79<=10, INDEX(Data!$B:$B,40+$B79), INDEX(Data!$B:$B,80+$B79)) -> 2.6 | E79: =IF($B79<=10, INDEX(Data!$C:$C,40+$B79), INDEX(Data!$C:$C,80+$B79)) -> 4 | F79: =IF($B79<=10, INDEX(Data!$D:$D,40+$B79), INDEX(Data!$D:$D,80+$B79)) -> 1.2 | G79: =IF(INDEX(Data!$E:$E,IF($B79<=10,40+$B79,80+$B79))="Iris-setosa",0,1) -> 1 | H79: =IF(G79=P79, 1, 0) -> 1 | I79: =I78-$K$4*T78 -> 0.23515004 | J79: =J78-$K$4*U78 -> -0.41405994 | K79: =K78-$K$4*V78 -> -0.47077999 | L79: =L78-$K$4*W78 -> 0.98255936 | M79: =M78-$K$4*X78 -> 0.76973624 | N79: =I79+J79*C79+K79*D79+L79*E79+F79*M79 -> 1.4634954 | O79: =1/(1+EXP(-N79)) -> 0.8120667 | P79: =IF(O79>0.5,1,0) -> 1 | Q79: =O79-G79 -> -0.1879333 | R79: =Q79^2 -> 0.035318925 | T79: =2*(O79-G79)*(1-O79)*O79 -> -0.057362646 | U79: =2*(O79-G79)*(1-O79)*O79*C79 -> -0.33270335 | V79: =2*(O79-G79)*(1-O79)*O79*D79 -> -0.14914288 | W79: =2*(O79-G79)*(1-O79)*O79*E79 -> -0.22945059 | X79: =2*(O79-G79)*(1-O79)*O79*F79 -> -0.068835176
... B85: 19 | C85: =IF($B85<=10, INDEX(Data!$A:$A,40+$B85), INDEX(Data!$A:$A,80+$B85)) -> 5.1 | D85: =IF($B85<=10, INDEX(Data!$B:$B,40+$B85), INDEX(Data!$B:$B,80+$B85)) -> 2.5 | E85: =IF($B85<=10, INDEX(Data!$C:$C,40+$B85), INDEX(Data!$C:$C,80+$B85)) -> 3 | F85: =IF($B85<=10, INDEX(Data!$D:$D,40+$B85), INDEX(Data!$D:$D,80+$B85)) -> 1.1 | G85: =IF(INDEX(Data!$E:$E,IF($B85<=10,40+$B85,80+$B85))="Iris-setosa",0,1) -> 1 | H85: =IF(G85=P85, 1, 0) -> 1 | I85: =I84-$K$4*T84 -> 0.25230414 | J85: =J84-$K$4*U84 -> -0.31978564 | K85: =K84-$K$4*V84 -> -0.4266879 | L85: =L84-$K$4*W84 -> 1.0477828 | M85: =M84-$K$4*X84 -> 0.78937315 | N85: =I85+J85*C85+K85*D85+L85*E85+F85*M85 -> 1.5663365 | O85: =1/(1+EXP(-N85)) -> 0.82726072 | P85: =IF(O85>0.5,1,0) -> 1 | Q85: =O85-G85 -> -0.17273928 | R85: =Q85^2 -> 0.02983886 | T85: =2*(O85-G85)*(1-O85)*O85 -> -0.049369033 | U85: =2*(O85-G85)*(1-O85)*O85*C85 -> -0.25178207 | V85: =2*(O85-G85)*(1-O85)*O85*D85 -> -0.12342258 | W85: =2*(O85-G85)*(1-O85)*O85*E85 -> -0.1481071 | X85: =2*(O85-G85)*(1-O85)*O85*F85 -> -0.054305937
B86: 20 | C86: =IF($B86<=10, INDEX(Data!$A:$A,40+$B86), INDEX(Data!$A:$A,80+$B86)) -> 5.7 | D86: =IF($B86<=10, INDEX(Data!$B:$B,40+$B86), INDEX(Data!$B:$B,80+$B86)) -> 2.8 | E86: =IF($B86<=10, INDEX(Data!$C:$C,40+$B86), INDEX(Data!$C:$C,80+$B86)) -> 4.1 | F86: =IF($B86<=10, INDEX(Data!$D:$D,40+$B86), INDEX(Data!$D:$D,80+$B86)) -> 1.3 | G86: =IF(INDEX(Data!$E:$E,IF($B86<=10,40+$B86,80+$B86))="Iris-setosa",0,1) -> 1 | H86: =IF(G86=P86, 1, 0) -> 1 | I86: =I85-$K$4*T85 -> 0.25724105 | J86: =J85-$K$4*U85 -> -0.29460743 | K86: =K85-$K$4*V85 -> -0.41434564 | L86: =L85-$K$4*W85 -> 1.0625935 | M86: =M85-$K$4*X85 -> 0.79480375 | N86: =I86+J86*C86+K86*D86+L86*E86+F86*M86 -> 2.8076891 | O86: =1/(1+EXP(-N86)) -> 0.94308992 | P86: =IF(O86>0.5,1,0) -> 1 | Q86: =O86-G86 -> -0.056910082 | R86: =Q86^2 -> 0.0032387575 | S86: =AVERAGE(R67:R86) -> 0.034515483 | T86: =2*(O86-G86)*(1-O86)*O86 -> -0.006108879 | U86: =2*(O86-G86)*(1-O86)*O86*C86 -> -0.03482061 | V86: =2*(O86-G86)*(1-O86)*O86*D86 -> -0.017104861 | W86: =2*(O86-G86)*(1-O86)*O86*E86 -> -0.025046404 | X86: =2*(O86-G86)*(1-O86)*O86*F86 -> -0.0079415427
A87: epoch 5 | B87: 1 | C87: =IF($B87<=10, INDEX(Data!$A:$A,40+$B87), INDEX(Data!$A:$A,80+$B87)) -> 5 | D87: =IF($B87<=10, INDEX(Data!$B:$B,40+$B87), INDEX(Data!$B:$B,80+$B87)) -> 3.5 | E87: =IF($B87<=10, INDEX(Data!$C:$C,40+$B87), INDEX(Data!$C:$C,80+$B87)) -> 1.3 | F87: =IF($B87<=10, INDEX(Data!$D:$D,40+$B87), INDEX(Data!$D:$D,80+$B87)) -> 0.3 | G87: =IF(INDEX(Data!$E:$E,IF($B87<=10,40+$B87,80+$B87))="Iris-setosa",0,1) -> 0 | H87: =IF(G87=P87, 1, 0) -> 1 | I87: ='SLP-Training'!I404 -> 0.257531 | J87: ='SLP-Training'!J404 -> -0.24283977 | K87: ='SLP-Training'!K404 -> -0.41737536 | L87: ='SLP-Training'!L404 -> 1.1214589 | M87: ='SLP-Training'!M404 -> 0.82381329 | N87: =I87+J87*C87+K87*D87+L87*E87+F87*M87 -> -0.71244102 | O87: =1/(1+EXP(-N87)) -> 0.32905969 | P87: =IF(O87>0.5,1,0) -> 0 | Q87: =O87-G87 -> 0.32905969 | R87: =Q87^2 -> 0.10828028 | T87: =2*(O87-G87)*(1-O87)*O87 -> 0.14529921 | U87: =2*(O87-G87)*(1-O87)*O87*C87 -> 0.72649604 | V87: =2*(O87-G87)*(1-O87)*O87*D87 -> 0.50854723 | W87: =2*(O87-G87)*(1-O87)*O87*E87 -> 0.18888897 | X87: =2*(O87-G87)*(1-O87)*O87*F87 -> 0.043589762
B88: 2 | C88: =IF($B88<=10, INDEX(Data!$A:$A,40+$B88), INDEX(Data!$A:$A,80+$B88)) -> 4.5 | D88: =IF($B88<=10, INDEX(Data!$B:$B,40+$B88), INDEX(Data!$B:$B,80+$B88)) -> 2.3 | E88: =IF($B88<=10, INDEX(Data!$C:$C,40+$B88), INDEX(Data!$C:$C,80+$B88)) -> 1.3 | F88: =IF($B88<=10, INDEX(Data!$D:$D,40+$B88), INDEX(Data!$D:$D,80+$B88)) -> 0.3 | G88: =IF(INDEX(Data!$E:$E,IF($B88<=10,40+$B88,80+$B88))="Iris-setosa",0,1) -> 0 | H88: =IF(G88=P88, 1, 0) -> 1 | I88: =I87-$K$4*T87 -> 0.24300108 | J88: =J87-$K$4*U87 -> -0.31548937 | K88: =K87-$K$4*V87 -> -0.46823008 | L88: =L87-$K$4*W87 -> 1.10257 | M88: =M87-$K$4*X87 -> 0.81945431 | N88: =I88+J88*C88+K88*D88+L88*E88+F88*M88 -> -0.57445297 | O88: =1/(1+EXP(-N88)) -> 0.36020996 | P88: =IF(O88>0.5,1,0) -> 0 | Q88: =O88-G88 -> 0.36020996 | R88: =Q88^2 -> 0.12975122 | T88: =2*(O88-G88)*(1-O88)*O88 -> 0.16602707 | U88: =2*(O88-G88)*(1-O88)*O88*C88 -> 0.74712182 | V88: =2*(O88-G88)*(1-O88)*O88*D88 -> 0.38186226 | W88: =2*(O88-G88)*(1-O88)*O88*E88 -> 0.21583519 | X88: =2*(O88-G88)*(1-O88)*O88*F88 -> 0.049808121
B89: 3 | C89: =IF($B89<=10, INDEX(Data!$A:$A,40+$B89), INDEX(Data!$A:$A,80+$B89)) -> 4.4 | D89: =IF($B89<=10, INDEX(Data!$B:$B,40+$B89), INDEX(Data!$B:$B,80+$B89)) -> 3.2 | E89: =IF($B89<=10, INDEX(Data!$C:$C,40+$B89), INDEX(Data!$C:$C,80+$B89)) -> 1.3 | F89: =IF($B89<=10, INDEX(Data!$D:$D,40+$B89), INDEX(Data!$D:$D,80+$B89)) -> 0.2 | G89: =IF(INDEX(Data!$E:$E,IF($B89<=10,40+$B89,80+$B89))="Iris-setosa",0,1) -> 0 | H89: =IF(G89=P89, 1, 0) -> 1 | I89: =I88-$K$4*T88 -> 0.22639837 | J89: =J88-$K$4*U88 -> -0.39020156 | K89: =K88-$K$4*V88 -> -0.5064163 | L89: =L88-$K$4*W88 -> 1.0809865 | M89: =M88-$K$4*X88 -> 0.8144735 | N89: =I89+J89*C89+K89*D89+L89*E89+F89*M89 -> -1.5428435 | O89: =1/(1+EXP(-N89)) -> 0.17612229 | P89: =IF(O89>0.5,1,0) -> 0 | Q89: =O89-G89 -> 0.17612229 | R89: =Q89^2 -> 0.031019062 | T89: =2*(O89-G89)*(1-O89)*O89 -> 0.051111828 | U89: =2*(O89-G89)*(1-O89)*O89*C89 -> 0.22489204 | V89: =2*(O89-G89)*(1-O89)*O89*D89 -> 0.16355785 | W89: =2*(O89-G89)*(1-O89)*O89*E89 -> 0.066445376 | X89: =2*(O89-G89)*(1-O89)*O89*F89 -> 0.010222366
B90: 4 | C90: =IF($B90<=10, INDEX(Data!$A:$A,40+$B90), INDEX(Data!$A:$A,80+$B90)) -> 5 | D90: =IF($B90<=10, INDEX(Data!$B:$B,40+$B90), INDEX(Data!$B:$B,80+$B90)) -> 3.5 | E90: =IF($B90<=10, INDEX(Data!$C:$C,40+$B90), INDEX(Data!$C:$C,80+$B90)) -> 1.6 | F90: =IF($B90<=10, INDEX(Data!$D:$D,40+$B90), INDEX(Data!$D:$D,80+$B90)) -> 0.6 | G90: =IF(INDEX(Data!$E:$E,IF($B90<=10,40+$B90,80+$B90))="Iris-setosa",0,1) -> 0 | H90: =IF(G90=P90, 1, 0) -> 1 | I90: =I89-$K$4*T89 -> 0.22128719 | J90: =J89-$K$4*U89 -> -0.41269076 | K90: =K89-$K$4*V89 -> -0.52277209 | L90: =L89-$K$4*W89 -> 1.074342 | M90: =M89-$K$4*X89 -> 0.81345126 | N90: =I90+J90*C90+K90*D90+L90*E90+F90*M90 -> -1.464851 | O90: =1/(1+EXP(-N90)) -> 0.18772649 | P90: =IF(O90>0.5,1,0) -> 0 | Q90: =O90-G90 -> 0.18772649 | R90: =Q90^2 -> 0.035241236 | T90: =2*(O90-G90)*(1-O90)*O90 -> 0.057251045 | U90: =2*(O90-G90)*(1-O90)*O90*C90 -> 0.28625523 | V90: =2*(O90-G90)*(1-O90)*O90*D90 -> 0.20037866 | W90: =2*(O90-G90)*(1-O90)*O90*E90 -> 0.091601672 | X90: =2*(O90-G90)*(1-O90)*O90*F90 -> 0.034350627
B91: 5 | C91: =IF($B91<=10, INDEX(Data!$A:$A,40+$B91), INDEX(Data!$A:$A,80+$B91)) -> 5.1 | D91: =IF($B91<=10, INDEX(Data!$B:$B,40+$B91), INDEX(Data!$B:$B,80+$B91)) -> 3.8 | E91: =IF($B91<=10, INDEX(Data!$C:$C,40+$B91), INDEX(Data!$C:$C,80+$B91)) -> 1.9 | F91: =IF($B91<=10, INDEX(Data!$D:$D,40+$B91), INDEX(Data!$D:$D,80+$B91)) -> 0.4 | G91: =IF(INDEX(Data!$E:$E,IF($B91<=10,40+$B91,80+$B91))="Iris-setosa",0,1) -> 0 | H91: =IF(G91=P91, 1, 0) -> 1 | I91: =I90-$K$4*T90 -> 0.21556208 | J91: =J90-$K$4*U90 -> -0.44131628 | K91: =K90-$K$4*V90 -> -0.54280995 | L91: =L90-$K$4*W90 -> 1.0651818 | M91: =M90-$K$4*X90 -> 0.8100162 | N91: =I91+J91*C91+K91*D91+L91*E91+F91*M91 -> -1.7499769 | O91: =1/(1+EXP(-N91)) -> 0.14805011 | P91: =IF(O91>0.5,1,0) -> 0 | Q91: =O91-G91 -> 0.14805011 | R91: =Q91^2 -> 0.021918835 | T91: =2*(O91-G91)*(1-O91)*O91 -> 0.037347499 | U91: =2*(O91-G91)*(1-O91)*O91*C91 -> 0.19047224 | V91: =2*(O91-G91)*(1-O91)*O91*D91 -> 0.1419205 | W91: =2*(O91-G91)*(1-O91)*O91*E91 -> 0.070960248 | X91: =2*(O91-G91)*(1-O91)*O91*F91 -> 0.014939
B92: 6 | C92: =IF($B92<=10, INDEX(Data!$A:$A,40+$B92), INDEX(Data!$A:$A,80+$B92)) -> 4.8 | D92: =IF($B92<=10, INDEX(Data!$B:$B,40+$B92), INDEX(Data!$B:$B,80+$B92)) -> 3 | E92: =IF($B92<=10, INDEX(Data!$C:$C,40+$B92), INDEX(Data!$C:$C,80+$B92)) -> 1.4 | F92: =IF($B92<=10, INDEX(Data!$D:$D,40+$B92), INDEX(Data!$D:$D,80+$B92)) -> 0.3 | G92: =IF(INDEX(Data!$E:$E,IF($B92<=10,40+$B92,80+$B92))="Iris-setosa",0,1) -> 0 | H92: =IF(G92=P92, 1, 0) -> 1 | I92: =I91-$K$4*T91 -> 0.21182734 | J92: =J91-$K$4*U91 -> -0.46036351 | K92: =K91-$K$4*V91 -> -0.557002 | L92: =L91-$K$4*W91 -> 1.0580858 | M92: =M91-$K$4*X91 -> 0.8085223 | N92: =I92+J92*C92+K92*D92+L92*E92+F92*M92 -> -1.9450467 | O92: =1/(1+EXP(-N92)) -> 0.12509446 | P92: =IF(O92>0.5,1,0) -> 0 | Q92: =O92-G92 -> 0.12509446 | R92: =Q92^2 -> 0.015648625 | T92: =2*(O92-G92)*(1-O92)*O92 -> 0.027382138 | U92: =2*(O92-G92)*(1-O92)*O92*C92 -> 0.13143426 | V92: =2*(O92-G92)*(1-O92)*O92*D92 -> 0.082146413 | W92: =2*(O92-G92)*(1-O92)*O92*E92 -> 0.038334993 | X92: =2*(O92-G92)*(1-O92)*O92*F92 -> 0.0082146413
B93: 7 | C93: =IF($B93<=10, INDEX(Data!$A:$A,40+$B93), INDEX(Data!$A:$A,80+$B93)) -> 5.1 | D93: =IF($B93<=10, INDEX(Data!$B:$B,40+$B93), INDEX(Data!$B:$B,80+$B93)) -> 3.8 | E93: =IF($B93<=10, INDEX(Data!$C:$C,40+$B93), INDEX(Data!$C:$C,80+$B93)) -> 1.6 | F93: =IF($B93<=10, INDEX(Data!$D:$D,40+$B93), INDEX(Data!$D:$D,80+$B93)) -> 0.2 | G93: =IF(INDEX(Data!$E:$E,IF($B93<=10,40+$B93,80+$B93))="Iris-setosa",0,1) -> 0 | H93: =IF(G93=P93, 1, 0) -> 1 | I93: =I92-$K$4*T92 -> 0.20908912 | J93: =J92-$K$4*U92 -> -0.47350693 | K93: =K92-$K$4*V92 -> -0.56521665 | L93: =L92-$K$4*W92 -> 1.0542523 | M93: =M92-$K$4*X92 -> 0.80770084 | N93: =I93+J93*C93+K93*D93+L93*E93+F93*M93 -> -2.5052757 | O93: =1/(1+EXP(-N93)) -> 0.075489161 | P93: =IF(O93>0.5,1,0) -> 0 | Q93: =O93-G93 -> 0.075489161 | R93: =Q93^2 -> 0.0056986134 | T93: =2*(O93-G93)*(1-O93)*O93 -> 0.01053686 | U93: =2*(O93-G93)*(1-O93)*O93*C93 -> 0.053737984 | V93: =2*(O93-G93)*(1-O93)*O93*D93 -> 0.040040067 | W93: =2*(O93-G93)*(1-O93)*O93*E93 -> 0.016858975 | X93: =2*(O93-G93)*(1-O93)*O93*F93 -> 0.0021073719
B94: 8 | C94: =IF($B94<=10, INDEX(Data!$A:$A,40+$B94), INDEX(Data!$A:$A,80+$B94)) -> 4.6 | D94: =IF($B94<=10, INDEX(Data!$B:$B,40+$B94), INDEX(Data!$B:$B,80+$B94)) -> 3.2 | E94: =IF($B94<=10, INDEX(Data!$C:$C,40+$B94), INDEX(Data!$C:$C,80+$B94)) -> 1.4 | F94: =IF($B94<=10, INDEX(Data!$D:$D,40+$B94), INDEX(Data!$D:$D,80+$B94)) -> 0.2 | G94: =IF(INDEX(Data!$E:$E,IF($B94<=10,40+$B94,80+$B94))="Iris-setosa",0,1) -> 0 | H94: =IF(G94=P94, 1, 0) -> 1 | I94: =I93-$K$4*T93 -> 0.20803544 | J94: =J93-$K$4*U93 -> -0.47888073 | K94: =K93-$K$4*V93 -> -0.56922065 | L94: =L93-$K$4*W93 -> 1.0525664 | M94: =M93-$K$4*X93 -> 0.8074901 | N94: =I94+J94*C94+K94*D94+L94*E94+F94*M94 -> -2.1812311 | O94: =1/(1+EXP(-N94)) -> 0.10144865 | P94: =IF(O94>0.5,1,0) -> 0 | Q94: =O94-G94 -> 0.10144865 | R94: =Q94^2 -> 0.010291829 | T94: =2*(O94-G94)*(1-O94)*O94 -> 0.018495473 | U94: =2*(O94-G94)*(1-O94)*O94*C94 -> 0.085079178 | V94: =2*(O94-G94)*(1-O94)*O94*D94 -> 0.059185515 | W94: =2*(O94-G94)*(1-O94)*O94*E94 -> 0.025893663 | X94: =2*(O94-G94)*(1-O94)*O94*F94 -> 0.0036990947
B95: 9 | C95: =IF($B95<=10, INDEX(Data!$A:$A,40+$B95), INDEX(Data!$A:$A,80+$B95)) -> 5.3 | D95: =IF($B95<=10, INDEX(Data!$B:$B,40+$B95), INDEX(Data!$B:$B,80+$B95)) -> 3.7 | E95: =IF($B95<=10, INDEX(Data!$C:$C,40+$B95), INDEX(Data!$C:$C,80+$B95)) -> 1.5 | F95: =IF($B95<=10, INDEX(Data!$D:$D,40+$B95), INDEX(Data!$D:$D,80+$B95)) -> 0.2 | G95: =IF(INDEX(Data!$E:$E,IF($B95<=10,40+$B95,80+$B95))="Iris-setosa",0,1) -> 0 | H95: =IF(G95=P95, 1, 0) -> 1 | I95: =I94-$K$4*T94 -> 0.20618589 | J95: =J94-$K$4*U94 -> -0.48738865 | K95: =K94-$K$4*V94 -> -0.5751392 | L95: =L94-$K$4*W94 -> 1.049977 | M95: =M94-$K$4*X94 -> 0.80712019 | N95: =I95+J95*C95+K95*D95+L95*E95+F95*M95 -> -2.7685995 | O95: =1/(1+EXP(-N95)) -> 0.059044777 | P95: =IF(O95>0.5,1,0) -> 0 | Q95: =O95-G95 -> 0.059044777 | R95: =Q95^2 -> 0.0034862857 | T95: =2*(O95-G95)*(1-O95)*O95 -> 0.0065608775 | U95: =2*(O95-G95)*(1-O95)*O95*C95 -> 0.034772651 | V95: =2*(O95-G95)*(1-O95)*O95*D95 -> 0.024275247 | W95: =2*(O95-G95)*(1-O95)*O95*E95 -> 0.0098413162 | X95: =2*(O95-G95)*(1-O95)*O95*F95 -> 0.0013121755
B96: 10 | C96: =IF($B96<=10, INDEX(Data!$A:$A,40+$B96), INDEX(Data!$A:$A,80+$B96)) -> 5 | D96: =IF($B96<=10, INDEX(Data!$B:$B,40+$B96), INDEX(Data!$B:$B,80+$B96)) -> 3.3 | E96: =IF($B96<=10, INDEX(Data!$C:$C,40+$B96), INDEX(Data!$C:$C,80+$B96)) -> 1.4 | F96: =IF($B96<=10, INDEX(Data!$D:$D,40+$B96), INDEX(Data!$D:$D,80+$B96)) -> 0.2 | G96: =IF(INDEX(Data!$E:$E,IF($B96<=10,40+$B96,80+$B96))="Iris-setosa",0,1) -> 0 | H96: =IF(G96=P96, 1, 0) -> 1 | I96: =I95-$K$4*T95 -> 0.2055298 | J96: =J95-$K$4*U95 -> -0.49086591 | K96: =K95-$K$4*V95 -> -0.57756673 | L96: =L95-$K$4*W95 -> 1.0489929 | M96: =M95-$K$4*X95 -> 0.80698897 | N96: =I96+J96*C96+K96*D96+L96*E96+F96*M96 -> -2.5247822 | O96: =1/(1+EXP(-N96)) -> 0.074139017 | P96: =IF(O96>0.5,1,0) -> 0 | Q96: =O96-G96 -> 0.074139017 | R96: =Q96^2 -> 0.0054965938 | T96: =2*(O96-G96)*(1-O96)*O96 -> 0.010178163 | U96: =2*(O96-G96)*(1-O96)*O96*C96 -> 0.050890817 | V96: =2*(O96-G96)*(1-O96)*O96*D96 -> 0.03358794 | W96: =2*(O96-G96)*(1-O96)*O96*E96 -> 0.014249429 | X96: =2*(O96-G96)*(1-O96)*O96*F96 -> 0.0020356327
B97: 11 | C97: =IF($B97<=10, INDEX(Data!$A:$A,40+$B97), INDEX(Data!$A:$A,80+$B97)) -> 5.5 | D97: =IF($B97<=10, INDEX(Data!$B:$B,40+$B97), INDEX(Data!$B:$B,80+$B97)) -> 2.6 | E97: =IF($B97<=10, INDEX(Data!$C:$C,40+$B97), INDEX(Data!$C:$C,80+$B97)) -> 4.4 | F97: =IF($B97<=10, INDEX(Data!$D:$D,40+$B97), INDEX(Data!$D:$D,80+$B97)) -> 1.2 | G97: =IF(INDEX(Data!$E:$E,IF($B97<=10,40+$B97,80+$B97))="Iris-setosa",0,1) -> 1 | H97: =IF(G97=P97, 1, 0) -> 1 | I97: =I96-$K$4*T96 -> 0.20451198 | J97: =J96-$K$4*U96 -> -0.495955 | K97: =K96-$K$4*V96 -> -0.58092552 | L97: =L96-$K$4*W96 -> 1.0475679 | M97: =M96-$K$4*X96 -> 0.80678541 | N97: =I97+J97*C97+K97*D97+L97*E97+F97*M97 -> 1.5437945 | O97: =1/(1+EXP(-N97)) -> 0.82401566 | P97: =IF(O97>0.5,1,0) -> 1 | Q97: =O97-G97 -> -0.17598434 | R97: =Q97^2 -> 0.030970488 | T97: =2*(O97-G97)*(1-O97)*O97 -> -0.051040335 | U97: =2*(O97-G97)*(1-O97)*O97*C97 -> -0.28072184 | V97: =2*(O97-G97)*(1-O97)*O97*D97 -> -0.13270487 | W97: =2*(O97-G97)*(1-O97)*O97*E97 -> -0.22457747 | X97: =2*(O97-G97)*(1-O97)*O97*F97 -> -0.061248402
B98: 12 | C98: =IF($B98<=10, INDEX(Data!$A:$A,40+$B98), INDEX(Data!$A:$A,80+$B98)) -> 6.1 | D98: =IF($B98<=10, INDEX(Data!$B:$B,40+$B98), INDEX(Data!$B:$B,80+$B98)) -> 3 | E98: =IF($B98<=10, INDEX(Data!$C:$C,40+$B98), INDEX(Data!$C:$C,80+$B98)) -> 4.6 | F98: =IF($B98<=10, INDEX(Data!$D:$D,40+$B98), INDEX(Data!$D:$D,80+$B98)) -> 1.4 | G98: =IF(INDEX(Data!$E:$E,IF($B98<=10,40+$B98,80+$B98))="Iris-setosa",0,1) -> 1 | H98: =IF(G98=P98, 1, 0) -> 1 | I98: =I97-$K$4*T97 -> 0.20961602 | J98: =J97-$K$4*U97 -> -0.46788281 | K98: =K97-$K$4*V97 -> -0.56765504 | L98: =L97-$K$4*W97 -> 1.0700257 | M98: =M97-$K$4*X97 -> 0.81291025 | N98: =I98+J98*C98+K98*D98+L98*E98+F98*M98 -> 1.7127582 | O98: =1/(1+EXP(-N98)) -> 0.84719369 | P98: =IF(O98>0.5,1,0) -> 1 | Q98: =O98-G98 -> -0.15280631 | R98: =Q98^2 -> 0.023349767 | T98: =2*(O98-G98)*(1-O98)*O98 -> -0.039563551 | U98: =2*(O98-G98)*(1-O98)*O98*C98 -> -0.24133766 | V98: =2*(O98-G98)*(1-O98)*O98*D98 -> -0.11869065 | W98: =2*(O98-G98)*(1-O98)*O98*E98 -> -0.18199233 | X98: =2*(O98-G98)*(1-O98)*O98*F98 -> -0.055388971
B99: 13 | C99: =IF($B99<=10, INDEX(Data!$A:$A,40+$B99), INDEX(Data!$A:$A,80+$B99)) -> 5.8 | D99: =IF($B99<=10, INDEX(Data!$B:$B,40+$B99), INDEX(Data!$B:$B,80+$B99)) -> 2.6 | E99: =IF($B99<=10, INDEX(Data!$C:$C,40+$B99), INDEX(Data!$C:$C,80+$B99)) -> 4 | F99: =IF($B99<=10, INDEX(Data!$D:$D,40+$B99), INDEX(Data!$D:$D,80+$B99)) -> 1.2 | G99: =IF(INDEX(Data!$E:$E,IF($B99<=10,40+$B99,80+$B99))="Iris-setosa",0,1) -> 1 | H99: =IF(G99=P99, 1, 0) -> 1 | I99: =I98-$K$4*T98 -> 0.21357237 | J99: =J98-$K$4*U98 -> -0.44374905 | K99: =K98-$K$4*V98 -> -0.55578597 | L99: =L98-$K$4*W98 -> 1.0882249 | M99: =M98-$K$4*X98 -> 0.81844915 | N99: =I99+J99*C99+K99*D99+L99*E99+F99*M99 -> 1.529823 | O99: =1/(1+EXP(-N99)) -> 0.82198041 | P99: =IF(O99>0.5,1,0) -> 1 | Q99: =O99-G99 -> -0.17801959 | R99: =Q99^2 -> 0.031690973 | T99: =2*(O99-G99)*(1-O99)*O99 -> -0.052098718 | U99: =2*(O99-G99)*(1-O99)*O99*C99 -> -0.30217257 | V99: =2*(O99-G99)*(1-O99)*O99*D99 -> -0.13545667 | W99: =2*(O99-G99)*(1-O99)*O99*E99 -> -0.20839487 | X99: =2*(O99-G99)*(1-O99)*O99*F99 -> -0.062518462
... B105: 19 | C105: =IF($B105<=10, INDEX(Data!$A:$A,40+$B105), INDEX(Data!$A:$A,80+$B105)) -> 5.1 | D105: =IF($B105<=10, INDEX(Data!$B:$B,40+$B105), INDEX(Data!$B:$B,80+$B105)) -> 2.5 | E105: =IF($B105<=10, INDEX(Data!$C:$C,40+$B105), INDEX(Data!$C:$C,80+$B105)) -> 3 | F105: =IF($B105<=10, INDEX(Data!$D:$D,40+$B105), INDEX(Data!$D:$D,80+$B105)) -> 1.1 | G105: =IF(INDEX(Data!$E:$E,IF($B105<=10,40+$B105,80+$B105))="Iris-setosa",0,1) -> 1 | H105: =IF(G105=P105, 1, 0) -> 1 | I105: =I104-$K$4*T104 -> 0.22991523 | J105: =J104-$K$4*U104 -> -0.35412212 | K105: =K104-$K$4*V104 -> -0.51384139 | L105: =L104-$K$4*W104 -> 1.1501865 | M105: =M104-$K$4*X104 -> 0.83710273 | N105: =I105+J105*C105+K105*D105+L105*E105+F105*M105 -> 1.5106614 | O105: =1/(1+EXP(-N105)) -> 0.8191592 | P105: =IF(O105>0.5,1,0) -> 1 | Q105: =O105-G105 -> -0.1808408 | R105: =Q105^2 -> 0.032703394 | T105: =2*(O105-G105)*(1-O105)*O105 -> -0.053578572 | U105: =2*(O105-G105)*(1-O105)*O105*C105 -> -0.27325072 | V105: =2*(O105-G105)*(1-O105)*O105*D105 -> -0.13394643 | W105: =2*(O105-G105)*(1-O105)*O105*E105 -> -0.16073572 | X105: =2*(O105-G105)*(1-O105)*O105*F105 -> -0.058936429
B106: 20 | C106: =IF($B106<=10, INDEX(Data!$A:$A,40+$B106), INDEX(Data!$A:$A,80+$B106)) -> 5.7 | D106: =IF($B106<=10, INDEX(Data!$B:$B,40+$B106), INDEX(Data!$B:$B,80+$B106)) -> 2.8 | E106: =IF($B106<=10, INDEX(Data!$C:$C,40+$B106), INDEX(Data!$C:$C,80+$B106)) -> 4.1 | F106: =IF($B106<=10, INDEX(Data!$D:$D,40+$B106), INDEX(Data!$D:$D,80+$B106)) -> 1.3 | G106: =IF(INDEX(Data!$E:$E,IF($B106<=10,40+$B106,80+$B106))="Iris-setosa",0,1) -> 1 | H106: =IF(G106=P106, 1, 0) -> 1 | I106: =I105-$K$4*T105 -> 0.23527309 | J106: =J105-$K$4*U105 -> -0.32679705 | K106: =K105-$K$4*V105 -> -0.50044675 | L106: =L105-$K$4*W105 -> 1.1662601 | M106: =M105-$K$4*X105 -> 0.84299638 | N106: =I106+J106*C106+K106*D106+L106*E106+F106*M106 -> 2.8488405 | O106: =1/(1+EXP(-N106)) -> 0.94525872 | P106: =IF(O106>0.5,1,0) -> 1 | Q106: =O106-G106 -> -0.054741283 | R106: =Q106^2 -> 0.0029966081 | S106: =AVERAGE(R87:R106) -> 0.027713782 | T106: =2*(O106-G106)*(1-O106)*O106 -> -0.0056651399 | U106: =2*(O106-G106)*(1-O106)*O106*C106 -> -0.032291297 | V106: =2*(O106-G106)*(1-O106)*O106*D106 -> -0.015862392 | W106: =2*(O106-G106)*(1-O106)*O106*E106 -> -0.023227074 | X106: =2*(O106-G106)*(1-O106)*O106*F106 -> -0.0073646818
B108: Rekap Rata-rata SSE (Loss) per Epoch - Validasi | E108: Rekap Akurasi per Epoch - Validasi
B109: Epoch | C109: Rata-rata SSE | E109: Epoch | F109: Akurasi
B110: Epoch 1 | C110: =S26 -> 0.099677958 | E110: Epoch 1 | F110: =SUM(H7:H26)/20 -> 0.85
B111: Epoch 2 | C111: =S46 -> 0.064850082 | E111: Epoch 2 | F111: =SUM(H27:H46)/20 -> 0.9
B112: Epoch 3 | C112: =S66 -> 0.045647354 | E112: Epoch 3 | F112: =SUM(H47:H66)/20 -> 0.95
B113: Epoch 4 | C113: =S86 -> 0.034515483 | E113: Epoch 4 | F113: =SUM(H67:H86)/20 -> 1
B114: Epoch 5 | C114: =S106 -> 0.027713782 | E114: Epoch 5 | F114: =SUM(H87:H106)/20 -> 1
